WKT	site_code	short_name	site_type_	target_com	site_commo	commodity_
"POINT (417996.2036422644 7598002.753121964)"	"S0000717"	"Telfer"	"Mine"	"GOLD"	"Au, Cu, Ag"	"PRECIOUS METAL"
"POINT (417996.2036422644 7598002.753121964)"	"S0000732"	"Main Dome"	"Mine"	"GOLD"	"Au, Cu, Ag"	"PRECIOUS METAL"
"POINT (418103.8532138445 7598816.453330506)"	"S0000733"	"Telfer CIL"	"Infrastructure"	"GOLD"	"Au, Cu, Ag"	"PRECIOUS METAL"
"POINT (415846.3906303714 7597385.551918538)"	"S0000735"	"West Dome Gp"	"Mine"	"GOLD"	"Au"	"PRECIOUS METAL"
"POINT (423098.9134602695 7635450.138565434)"	"S0000937"	"Minyari Hill"	"Mine"	"GOLD"	"Au, Cu, Co"	"PRECIOUS METAL"
"POINT (411302.3825116735 7592319.965207774)"	"S0000938"	"Fallows Field - Pit 13"	"Mine"	"GOLD"	"Au"	"PRECIOUS METAL"
"POINT (408530.2747554723 7608838.088571608)"	"S0000940"	"Thomsons"	"Mine"	"GOLD"	"Au"	"PRECIOUS METAL"
"POINT (405217.2466515374 7529755.549899045)"	"S0000963"	"Kintyre"	"Mine"	"URANIUM"	"U"	"ENERGY"
"POINT (417920.7909664512 7596189.658159128)"	"S0001100"	"DL5"	"Mine"	"GOLD"	"Au"	"PRECIOUS METAL"
"POINT (314123.5472726892 7551549.594625317)"	"S0001241"	"Enacheddong Creek"	"Deposit"	"MANGANESE ORE"	"Mn"	"STEEL ALLOY METAL"
"POINT (352114.0156051719 7604402.504340577)"	"S0001406"	"Nifty"	"Mine"	"COPPER - LEAD - ZINC"	"Cu"	"BASE METAL"
"POINT (316194.1101954476 7613547.197679967)"	"S0001517"	"Radio Hill North"	"Mine"	"MANGANESE ORE"	"Mn"	"STEEL ALLOY METAL"
"POINT (318304.3952477472 7599365.790676977)"	"S0001518"	"Lox"	"Mine"	"MANGANESE ORE"	"Mn"	"STEEL ALLOY METAL"
"POINT (297198.7197737694 7582038.429430963)"	"S0001678"	"Skull Springs"	"Deposit"	"MANGANESE ORE"	"Mn"	"STEEL ALLOY METAL"
"POINT (315884.1840757588 7609008.103884191)"	"S0001949"	"Woodie Woodie Dumps"	"Mine"	"MANGANESE ORE"	"Mn"	"STEEL ALLOY METAL"
"POINT (428265.6794006443 7545486.327586365)"	"S0002305"	"Maroochydore"	"Deposit"	"COPPER - LEAD - ZINC"	"Cu, Co"	"BASE METAL"
"POINT (417544.1998824574 7597682.07875003)"	"S0002386"	"Telfer UG"	"Mine"	"GOLD"	"Au"	"PRECIOUS METAL"
"POINT (412733.9689262011 7608596.545744843)"	"S0002884"	"Thomson Dome E"	"Deposit"	"GOLD"	"Au"	"PRECIOUS METAL"
"POINT (351761.0904720135 7604480.184319656)"	"S0003046"	"Nifty Portal"	"Mine"	"COPPER - LEAD - ZINC"	"Cu"	"BASE METAL"
"POINT (404571.0072980496 7529450.473060589)"	"S0003154"	"Kintyre Winze"	"Mine"	"URANIUM"	"U"	"ENERGY"
"POINT (404828.4884877547 7529364.596879221)"	"S0003155"	"Kintyre E"	"Deposit"	"URANIUM"	"U"	"ENERGY"
"POINT (405146.7635251617 7529610.095974211)"	"S0003156"	"Whale"	"Deposit"	"URANIUM"	"U"	"ENERGY"
"POINT (405383.0229231745 7529660.247920657)"	"S0003157"	"Whale E"	"Deposit"	"URANIUM"	"U"	"ENERGY"
"POINT (405062.8645099929 7529839.849371187)"	"S0003158"	"Pioneer"	"Deposit"	"URANIUM"	"U"	"ENERGY"
"POINT (404359.8598593926 7530189.680207664)"	"S0003159"	"Nerada"	"Deposit"	"URANIUM"	"U"	"ENERGY"
"POINT (294875.3263683325 7653605.935392729)"	"S0003241"	"Oakover River Sand"	"Mine"	"CONSTRUCTION MATERIALS"	"Sd"	"CONSTRUCTION MATERIAL"
"POINT (436498.731181264 7579649.89786503)"	"S0003262"	"Big Tree"	"Deposit"	"GOLD"	"Au"	"PRECIOUS METAL"
"POINT (423349.0222985666 7590000.116484587)"	"S0003263"	"O'Callaghans"	"Deposit"	"TUNGSTEN - MOLYBDENUM"	"W, Cu, Zn, Pb, Mo"	"STEEL ALLOY METAL"
"POINT (313649.7401990367 7613409.040130862)"	"S0003336"	"Whodowe A"	"Mine"	"MANGANESE ORE"	"Mn"	"STEEL ALLOY METAL"
"POINT (315861.9391023626 7609259.991684411)"	"S0003337"	"Cracker"	"Mine"	"MANGANESE ORE"	"Mn"	"STEEL ALLOY METAL"
"POINT (314734.9920621419 7608873.220291189)"	"S0003338"	"Double 8"	"Mine"	"MANGANESE ORE"	"Mn"	"STEEL ALLOY METAL"
"POINT (316781.6409361344 7602559.987354846)"	"S0003339"	"Greensnake Bag"	"Mine"	"MANGANESE ORE"	"Mn"	"STEEL ALLOY METAL"
"POINT (317522.7287873834 7605787.138180326)"	"S0003340"	"Area 1"	"Mine"	"MANGANESE ORE"	"Mn"	"STEEL ALLOY METAL"
"POINT (316770.2457270147 7609636.330849795)"	"S0003343"	"MC272"	"Mine"	"MANGANESE ORE"	"Mn"	"STEEL ALLOY METAL"
"POINT (318282.1293775951 7606947.8118333)"	"S0003715"	"Woodie Woodie Plant"	"Infrastructure"	"MANGANESE ORE"	"Mn"	"STEEL ALLOY METAL"
"POINT (315724.6939667517 7608919.795158906)"	"S0004016"	"Austin"	"Mine"	"MANGANESE ORE"	"Mn"	"STEEL ALLOY METAL"
"POINT (316694.9820291233 7602824.871928123)"	"S0004063"	"Greensnake North"	"Deposit"	"MANGANESE ORE"	"Mn"	"STEEL ALLOY METAL"
"POINT (317300.1014600494 7602569.552085342)"	"S0004064"	"Greensnake East"	"Mine"	"MANGANESE ORE"	"Mn"	"STEEL ALLOY METAL"
"POINT (430021.6579837039 7574866.104525993)"	"S0004137"	"Bemm"	"Deposit"	"GOLD"	"Au"	"PRECIOUS METAL"
"POINT (435950.6978330534 7579772.666710901)"	"S0004138"	"Big Tree W"	"Deposit"	"GOLD"	"Au"	"PRECIOUS METAL"
"POINT (423085.705458372 7634493.075391438)"	"S0004139"	"WACA"	"Deposit"	"GOLD"	"Au, Cu, Co"	"PRECIOUS METAL"
"POINT (352160.6957187804 7603795.213848796)"	"S0004182"	"Nifty SX/EW"	"Infrastructure"	"COPPER - LEAD - ZINC"	"Cu"	"BASE METAL"
"POINT (317710.1440996551 7604616.372006643)"	"S0004268"	"Chutney"	"Mine"	"MANGANESE ORE"	"Mn"	"STEEL ALLOY METAL"
"POINT (318097.074345891 7607143.489473065)"	"S0004269"	"Rhodes"	"Mine"	"MANGANESE ORE"	"Mn"	"STEEL ALLOY METAL"
"POINT (316693.0748632986 7603209.431783276)"	"S0004270"	"Bells"	"Mine"	"MANGANESE ORE"	"Mn"	"STEEL ALLOY METAL"
"POINT (316267.0366083228 7595481.762520655)"	"S0004273"	"Mike"	"Mine"	"MANGANESE ORE"	"Mn"	"STEEL ALLOY METAL"
"POINT (318268.3689388201 7604584.715249674)"	"S0004578"	"Extension Cord"	"Mine"	"MANGANESE ORE"	"Mn"	"STEEL ALLOY METAL"
"POINT (316469.4246039252 7610081.598768163)"	"S0004579"	"Big Mack"	"Mine"	"MANGANESE ORE"	"Mn"	"STEEL ALLOY METAL"
"POINT (317333.3522603834 7586393.700193434)"	"S0004580"	"Woodie Woodie South"	"Deposit"	"MANGANESE ORE"	"Mn"	"STEEL ALLOY METAL"
"POINT (316559.9032664677 7612540.364814986)"	"S0004581"	"Satnat"	"Mine"	"MANGANESE ORE"	"Mn"	"STEEL ALLOY METAL"
"POINT (316848.3786731699 7600785.227531734)"	"S0004583"	"UAT"	"Deposit"	"MANGANESE ORE"	"Mn"	"STEEL ALLOY METAL"
"POINT (317292.5300596645 7609429.436062315)"	"S0004584"	"Why"	"Mine"	"MANGANESE ORE"	"Mn"	"STEEL ALLOY METAL"
"POINT (315658.1475770598 7608916.707734948)"	"S0004585"	"Austin-Cracker Ext"	"Deposit"	"MANGANESE ORE"	"Mn"	"STEEL ALLOY METAL"
"POINT (317077.0718274292 7602485.400225194)"	"S0004586"	"Greensnake New"	"Mine"	"MANGANESE ORE"	"Mn"	"STEEL ALLOY METAL"
"POINT (317214.4464600668 7602247.22530025)"	"S0004587"	"Greensnake South"	"Mine"	"MANGANESE ORE"	"Mn"	"STEEL ALLOY METAL"
"POINT (316145.8730033408 7608716.209612021)"	"S0005280"	"Caves"	"Mine"	"MANGANESE ORE"	"Mn"	"STEEL ALLOY METAL"
"POINT (284732.1439930488 7574503.471132128)"	"S0005376"	"Donkey"	"Occurrence"	"MANGANESE ORE"	"Mn"	"STEEL ALLOY METAL"
"POINT (317259.5163355569 7595293.807222155)"	"S0005382"	"Gulch"	"Deposit"	"MANGANESE ORE"	"Mn"	"STEEL ALLOY METAL"
"POINT (318282.1293775951 7606947.8118333)"	"S0005669"	"Woodie Woodie Group"	"Infrastructure"	"MANGANESE ORE"	"Mn"	"STEEL ALLOY METAL"
"POINT (316673.0377927936 7609279.214847337)"	"S0005679"	"Golden Retriever"	"Mine"	"MANGANESE ORE"	"Mn"	"STEEL ALLOY METAL"
"POINT (316933.8561943991 7596918.891077964)"	"S0005686"	"Fault North"	"Deposit"	"MANGANESE ORE"	"Mn"	"STEEL ALLOY METAL"
"POINT (316394.1769903502 7608925.12043268)"	"S0005781"	"Geraldine-Deity"	"Mine"	"MANGANESE ORE"	"Mn"	"STEEL ALLOY METAL"
"POINT (316267.0366083228 7595481.762520655)"	"S0005783"	"Pearana Group"	"Mine"	"MANGANESE ORE"	"Mn"	"STEEL ALLOY METAL"
"POINT (306783.4357118657 7644420.07484616)"	"S0005993"	"Pilbara (Braeside) Lead"	"Mine"	"COPPER - LEAD - ZINC"	"Pb"	"BASE METAL"
"POINT (416221.6631351683 7701556.505918344)"	"S0006628"	"Magnum"	"Deposit"	"GOLD"	"Au, Cu, Ag, Bi, W"	"PRECIOUS METAL"
"POINT (417834.0642626052 7596946.575081204)"	"S0013138"	"Nick"	"Mine"	"GOLD"	"Au"	"PRECIOUS METAL"
"POINT (417996.2036422644 7598002.753121964)"	"S0016653"	"Telfer Pit"	"Mine"	"GOLD"	"Au, Cu, Ag"	"PRECIOUS METAL"
"POINT (351761.0904720135 7604480.184319656)"	"S0016659"	"Nifty Gp"	"Mine"	"COPPER - LEAD - ZINC"	"Cu"	"BASE METAL"
"POINT (418042.1904745663 7599304.403569615)"	"S0016949"	"TSF1"	"Infrastructure"	"GOLD"	"Au, Cu"	"PRECIOUS METAL"
"POINT (417644.4223130527 7599593.485872027)"	"S0016950"	"TSF2"	"Infrastructure"	"GOLD"	"Au, Cu"	"PRECIOUS METAL"
"POINT (418078.4928392374 7599750.569970389)"	"S0016951"	"TSF3"	"Infrastructure"	"GOLD"	"Au, Cu"	"PRECIOUS METAL"
"POINT (417441.3348758765 7599739.662226529)"	"S0016952"	"TSF4"	"Infrastructure"	"GOLD"	"Au, Cu"	"PRECIOUS METAL"
"POINT (417341.255705077 7600230.511641199)"	"S0016953"	"TSF5"	"Infrastructure"	"GOLD"	"Au, Cu"	"PRECIOUS METAL"
"POINT (416823.8680412365 7600319.599505978)"	"S0016954"	"TSF6"	"Infrastructure"	"GOLD"	"Au, Cu"	"PRECIOUS METAL"
"POINT (351631.6399542181 7603961.833420163)"	"S0017020"	"Heap Leach"	"Mine"	"COPPER - LEAD - ZINC"	"Cu"	"BASE METAL"
"POINT (317773.640199526 7607252.111843933)"	"S0017033"	"TSF2"	"Infrastructure"	"MANGANESE ORE"	"Mn"	"STEEL ALLOY METAL"
"POINT (307554.3595518258 7644213.448282569)"	"S0017100"	"Braeside Crown Lands"	"Mine"	"COPPER - LEAD - ZINC"	"Pb, Ag, Zn, Cu, Au"	"BASE METAL"
"POINT (313606.8088893685 7613467.122979963)"	"S0017250"	"Woodie Woodie/Longreach"	"Mine"	"MANGANESE ORE"	"Mn"	"STEEL ALLOY METAL"
"POINT (315648.9501649448 7608824.692703865)"	"S0017272"	"Woodie Woodie / Dampier Mining"	"Mine"	"MANGANESE ORE"	"Mn"	"STEEL ALLOY METAL"
"POINT (311439.9549947067 7632350.317117585)"	"S0017286"	"Mt Sydney / Mt Sydney Mn"	"Mine"	"MANGANESE ORE"	"Mn"	"STEEL ALLOY METAL"
"POINT (317367.5515066531 7586423.105244547)"	"S0017287"	"Nullagine / Dampier Mining"	"Mine"	"MANGANESE ORE"	"Mn"	"STEEL ALLOY METAL"
"POINT (307569.519634565 7645492.613778045)"	"S0018017"	"Ragged Hills / Collins"	"Mine"	"COPPER - LEAD - ZINC"	"Pb, Ag"	"BASE METAL"
"POINT (307386.4405448061 7645801.293467867)"	"S0018018"	"Ragged Hills / Engstrom"	"Mine"	"COPPER - LEAD - ZINC"	"Pb, Ag"	"BASE METAL"
"POINT (307385.7141226097 7645801.284922393)"	"S0018019"	"Ragged Hills / Engstrom"	"Mine"	"COPPER - LEAD - ZINC"	"Pb, Ag"	"BASE METAL"
"POINT (311346.5213389657 7632350.230696447)"	"S0018103"	"Mt Sydney/Rhodes"	"Mine"	"MANGANESE ORE"	"Mn"	"STEEL ALLOY METAL"
"POINT (297102.4497212704 7674492.141200022)"	"S0018117"	"Baker Well / Rogers"	"Mine"	"COPPER - LEAD - ZINC"	"Pb, Ag"	"BASE METAL"
"POINT (297290.0187725394 7674850.01134064)"	"S0018118"	"Barker Well / Hedley"	"Mine"	"COPPER - LEAD - ZINC"	"Pb, Ag"	"BASE METAL"
"POINT (299817.5132869126 7659266.242769768)"	"S0018119"	"Braeside - Engstron"	"Mine"	"COPPER - LEAD - ZINC"	"Pb, Ag"	"BASE METAL"
"POINT (307390.5992751969 7645747.746739754)"	"S0018120"	"Braeside / Adams"	"Mine"	"COPPER - LEAD - ZINC"	"Pb, Ag"	"BASE METAL"
"POINT (299817.5132869126 7659266.242769768)"	"S0018121"	"Braeside / Adams I"	"Mine"	"COPPER - LEAD - ZINC"	"Pb, Ag"	"BASE METAL"
"POINT (299817.5132869126 7659266.242769768)"	"S0018122"	"Braeside / Bennett"	"Mine"	"COPPER - LEAD - ZINC"	"Pb, Ag"	"BASE METAL"
"POINT (299817.5132869126 7659266.242769768)"	"S0018123"	"Braeside / Brockhoff"	"Mine"	"COPPER - LEAD - ZINC"	"Pb"	"BASE METAL"
"POINT (299817.4998352393 7659267.349984223)"	"S0018124"	"Braeside / Brockhoff O"	"Mine"	"COPPER - LEAD - ZINC"	"Pb, Ag"	"BASE METAL"
"POINT (299817.5132869126 7659266.242769768)"	"S0018125"	"Braeside / Challenger"	"Mine"	"COPPER - LEAD - ZINC"	"Pb, Ag"	"BASE METAL"
"POINT (299817.5132869126 7659266.242769768)"	"S0018126"	"Braeside / Challenger CW"	"Mine"	"COPPER - LEAD - ZINC"	"Pb, Ag"	"BASE METAL"
"POINT (299817.5132869126 7659266.242769768)"	"S0018127"	"Braeside / Engstron"	"Mine"	"COPPER - LEAD - ZINC"	"Pb, Ag"	"BASE METAL"
"POINT (299817.5132869126 7659266.242769768)"	"S0018128"	"Braeside/Engstron and Rogers"	"Mine"	"COPPER - LEAD - ZINC"	"Pb, Ag"	"BASE METAL"
"POINT (299817.5132869126 7659266.242769768)"	"S0018129"	"Braeside / Engstron O"	"Mine"	"COPPER - LEAD - ZINC"	"Pb, Ag"	"BASE METAL"
"POINT (299817.5132869126 7659266.242769768)"	"S0018130"	"Braeside / Flynn"	"Mine"	"COPPER - LEAD - ZINC"	"Pb, Ag"	"BASE METAL"
"POINT (299817.5132869126 7659266.242769768)"	"S0018131"	"Braeside / Reick"	"Mine"	"COPPER - LEAD - ZINC"	"Pb, Ag"	"BASE METAL"
"POINT (299817.5132869126 7659266.242769768)"	"S0018132"	"Braeside / Hansen H"	"Mine"	"COPPER - LEAD - ZINC"	"Pb, Ag"	"BASE METAL"
"POINT (299817.5132869126 7659266.242769768)"	"S0018133"	"Braeside / Kennedy"	"Mine"	"COPPER - LEAD - ZINC"	"Pb, Ag"	"BASE METAL"
"POINT (299817.5132869126 7659266.242769768)"	"S0018134"	"Braeside / Kennedy S"	"Mine"	"COPPER - LEAD - ZINC"	"Pb"	"BASE METAL"
"POINT (299817.5132869126 7659266.242769768)"	"S0018135"	"Braeside / McArtney"	"Mine"	"COPPER - LEAD - ZINC"	"Pb, Ag"	"BASE METAL"
"POINT (299817.5132869126 7659266.242769768)"	"S0018136"	"Braeside / Midgely"	"Mine"	"COPPER - LEAD - ZINC"	"Pb, Ag"	"BASE METAL"
"POINT (299817.5132869126 7659266.242769768)"	"S0018137"	"Braeside / O'Callaghan"	"Mine"	"COPPER - LEAD - ZINC"	"Pb, Ag"	"BASE METAL"
"POINT (299817.5132869126 7659266.242769768)"	"S0018138"	"Braeside / O'Callaghan E"	"Mine"	"COPPER - LEAD - ZINC"	"Pb, Ag"	"BASE METAL"
"POINT (299817.5132869126 7659266.242769768)"	"S0018139"	"Braeside / O'Callaghan JJ"	"Mine"	"COPPER - LEAD - ZINC"	"Pb"	"BASE METAL"
"POINT (299817.5132869126 7659266.242769768)"	"S0018140"	"Braeside / Rogers"	"Mine"	"COPPER - LEAD - ZINC"	"Pb"	"BASE METAL"
"POINT (297257.4119605206 7674999.77305948)"	"S0018141"	"Braeside / Rogers EE"	"Mine"	"COPPER - LEAD - ZINC"	"Pb, Ag"	"BASE METAL"
"POINT (299817.5132869126 7659266.242769768)"	"S0018142"	"Braeside / Simpson"	"Mine"	"COPPER - LEAD - ZINC"	"Pb, Ag"	"BASE METAL"
"POINT (307409.49724553 7644432.770771865)"	"S0018143"	"Braeside / Stubbs"	"Mine"	"COPPER - LEAD - ZINC"	"Pb, Ag"	"BASE METAL"
"POINT (302730.0153468291 7663298.596736455)"	"S0018154"	"Federal South - Braeside"	"Mine"	"COPPER - LEAD - ZINC"	"Pb"	"BASE METAL"
"POINT (302223.9843038652 7665010.052263511)"	"S0018161"	"Koongalin - Braeside"	"Mine"	"COPPER - LEAD - ZINC"	"Pb"	"BASE METAL"
"POINT (302259.9177100398 7653327.140838731)"	"S0018169"	"Oakover - Braeside"	"Mine"	"COPPER - LEAD - ZINC"	"Pb"	"BASE METAL"
"POINT (307675.0326852639 7644047.546862737)"	"S0018172"	"Ragged Hills Lead"	"Mine"	"COPPER - LEAD - ZINC"	"Pb"	"BASE METAL"
"POINT (307672.6148900423 7644050.176076245)"	"S0018173"	"Ragged Hills Lead"	"Mine"	"COPPER - LEAD - ZINC"	"Pb, Zn, Ag"	"BASE METAL"
"POINT (318262.4775500863 7599694.860469239)"	"S0018730"	"Hanna"	"Mine"	"MANGANESE ORE"	"Mn"	"STEEL ALLOY METAL"
"POINT (316627.004882102 7609747.870191474)"	"S0018843"	"Lisa -Old Mack"	"Mine"	"MANGANESE ORE"	"Mn"	"STEEL ALLOY METAL"
"POINT (316965.043807423 7609152.203863593)"	"S0018945"	"Lewis"	"Mine"	"MANGANESE ORE"	"Mn"	"STEEL ALLOY METAL"
"POINT (314744.6263499128 7611537.724292122)"	"S0019004"	"Sardine Northeast"	"Mine"	"MANGANESE ORE"	"Mn"	"STEEL ALLOY METAL"
"POINT (317001.2078927901 7611902.794119927)"	"S0019005"	"Jatz"	"Prospect"	"MANGANESE ORE"	"Mn"	"STEEL ALLOY METAL"
"POINT (317748.8139105909 7611750.812783575)"	"S0019006"	"Area 7"	"Prospect"	"MANGANESE ORE"	"Mn"	"STEEL ALLOY METAL"
"POINT (315899.1155637844 7610500.751731411)"	"S0019007"	"Muddy"	"Occurrence"	"MANGANESE ORE"	"Mn"	"STEEL ALLOY METAL"
"POINT (317500.3841528612 7609902.078300964)"	"S0019008"	"Aerogard"	"Prospect"	"MANGANESE ORE"	"Mn"	"STEEL ALLOY METAL"
"POINT (316001.8820911099 7606901.840332581)"	"S0019010"	"Elle"	"Prospect"	"MANGANESE ORE"	"Mn"	"STEEL ALLOY METAL"
"POINT (316944.2518736297 7606002.250030837)"	"S0019011"	"Tarlei"	"Prospect"	"MANGANESE ORE"	"Mn"	"STEEL ALLOY METAL"
"POINT (317897.9170963815 7605000.976190286)"	"S0019013"	"Old Camp"	"Infrastructure"	"MANGANESE ORE"	"Mn"	"STEEL ALLOY METAL"
"POINT (316805.7713595965 7602558.823264452)"	"S0019014"	"Greensnake Old"	"Mine"	"MANGANESE ORE"	"Mn"	"STEEL ALLOY METAL"
"POINT (317283.485907059 7603956.753396977)"	"S0019015"	"Airport"	"Mine"	"MANGANESE ORE"	"Mn"	"STEEL ALLOY METAL"
"POINT (316924.1717869741 7602405.58878047)"	"S0019016"	"Greensnake New Extn"	"Mine"	"MANGANESE ORE"	"Mn"	"STEEL ALLOY METAL"
"POINT (316904.2726873863 7602244.57501174)"	"S0019017"	"Maude"	"Mine"	"MANGANESE ORE"	"Mn"	"STEEL ALLOY METAL"
"POINT (319495.6030882892 7601002.715496631)"	"S0019018"	"Burnt North"	"Prospect"	"MANGANESE ORE"	"Mn"	"STEEL ALLOY METAL"
"POINT (319186.4815898825 7600092.435934842)"	"S0019019"	"Burnt"	"Prospect"	"MANGANESE ORE"	"Mn"	"STEEL ALLOY METAL"
"POINT (316969.2998981125 7599621.566240119)"	"S0019020"	"Fly"	"Prospect"	"MANGANESE ORE"	"Mn"	"STEEL ALLOY METAL"
"POINT (316926.5287220327 7606667.671166847)"	"S0019021"	"Dartmoor"	"Mine"	"MANGANESE ORE"	"Mn"	"STEEL ALLOY METAL"
"POINT (317916.9789536791 7607184.194618653)"	"S0019184"	"TSF1"	"Infrastructure"	"MANGANESE ORE"	"Mn"	"STEEL ALLOY METAL"
"POINT (440852.7460851619 7581100.037840787)"	"S0019512"	"Backdoor"	"Deposit"	"GOLD"	"Au"	"PRECIOUS METAL"
"POINT (441394.8412316176 7579871.17605751)"	"S0019513"	"Dolphy"	"Deposit"	"GOLD"	"Au"	"PRECIOUS METAL"
"POINT (522753.6164663046 7464950.380449407)"	"S0019643"	"PM Prospect"	"Prospect"	"CHROMITE - PLATINOIDS"	"Pt, Pd, Au, Cu"	"PRECIOUS METAL"
"POINT (317076.9225379116 7594352.018467063)"	"S0019739"	"Rain"	"Prospect"	"MANGANESE ORE"	"Mn"	"STEEL ALLOY METAL"
"POINT (318564.8369415164 7610028.382938407)"	"S0019751"	"Chris D"	"Mine"	"MANGANESE ORE"	"Mn"	"STEEL ALLOY METAL"
"POINT (318440.549178666 7605507.521529811)"	"S0019752"	"Camp East"	"Mine"	"MANGANESE ORE"	"Mn"	"STEEL ALLOY METAL"
"POINT (316569.0713171166 7609906.55643177)"	"S0019776"	"Mack Hill"	"Mine"	"MANGANESE ORE"	"Mn"	"STEEL ALLOY METAL"
"POINT (416859.996297223 7595733.105023479)"	"S0019792"	"New Plant and Workshops"	"Infrastructure"	"GOLD"	"Au, Cu"	"PRECIOUS METAL"
"POINT (415463.2943419121 7595524.874994026)"	"S0019793"	"Telfer Primary Power"	"Infrastructure"	"OTHER"	"Power"	"ENERGY"
"POINT (417449.1775962864 7597355.265891107)"	"S0019794"	"New Shaft"	"Mine"	"GOLD"	"Au, Cu"	"PRECIOUS METAL"
"POINT (412948.6433512081 7599586.042079679)"	"S0019795"	"Dolomite Quarry"	"Mine"	"DOLOMITE"	"Dol, Agg"	"INDUSTRIAL MINERAL"
"POINT (421232.1760929907 7593656.061442796)"	"S0019944"	"TSF7"	"Infrastructure"	"GOLD"	"Au, Cu"	"PRECIOUS METAL"
"POINT (405451.8535251488 7530229.689917469)"	"S0019999"	"Pioneer E"	"Deposit"	"URANIUM"	"U"	"ENERGY"
"POINT (314299.3507273031 7610095.146957269)"	"S0020236"	"Hunter"	"Mine"	"MANGANESE ORE"	"Mn"	"STEEL ALLOY METAL"
"POINT (417118.5857034518 7599340.497937922)"	"S0020241"	"DL1"	"Mine"	"GOLD"	"Au"	"PRECIOUS METAL"
"POINT (416042.6370493909 7599390.131777626)"	"S0020242"	"DL2"	"Mine"	"GOLD"	"Au"	"PRECIOUS METAL"
"POINT (415658.1635107108 7599720.303068208)"	"S0020243"	"DL3"	"Mine"	"GOLD"	"Au"	"PRECIOUS METAL"
"POINT (416396.6852789938 7599000.129383417)"	"S0020244"	"DL4"	"Mine"	"GOLD"	"Au"	"PRECIOUS METAL"
"POINT (415201.1111294066 7600039.787295705)"	"S0020245"	"DL7"	"Mine"	"GOLD"	"Au"	"PRECIOUS METAL"
"POINT (352774.8009137165 7603516.870441876)"	"S0020585"	"Gravel 1"	"Mine"	"CONSTRUCTION MATERIALS"	"Gvl"	"CONSTRUCTION MATERIAL"
"POINT (316105.01308001 7613321.835630413)"	"S0020775"	"Radio Hill South"	"Mine"	"MANGANESE ORE"	"Mn"	"STEEL ALLOY METAL"
"POINT (315937.2754260474 7613462.104480565)"	"S0020792"	"Radio Hill South Extension"	"Mine"	"MANGANESE ORE"	"Mn"	"STEEL ALLOY METAL"
"POINT (350708.4376370547 7605043.06080074)"	"S0020799"	"Concentrator"	"Infrastructure"	"COPPER - LEAD - ZINC"	"Cu"	"BASE METAL"
"POINT (353495.5974859441 7604949.921253614)"	"S0020800"	"TSF"	"Infrastructure"	"COPPER - LEAD - ZINC"	"Cu"	"BASE METAL"
"POINT (317303.3565732614 7599058.9690595)"	"S0020918"	"Kia"	"Mine"	"MANGANESE ORE"	"Mn"	"STEEL ALLOY METAL"
"POINT (311459.6735057982 7632348.995337535)"	"S0021065"	"Mt Sydney"	"Mine"	"MANGANESE ORE"	"Mn"	"STEEL ALLOY METAL"
"POINT (314499.147755608 7608869.728785644)"	"S0021319"	"Double 8 West"	"Mine"	"MANGANESE ORE"	"Mn"	"STEEL ALLOY METAL"
"POINT (317745.7294542891 7606964.995618042)"	"S0021405"	"Tailings Retreatment Plant"	"Infrastructure"	"MANGANESE ORE"	"Mn"	"STEEL ALLOY METAL"
"POINT (318945.9940315376 7604558.039721001)"	"S0021599"	"Paystar"	"Mine"	"MANGANESE ORE"	"Mn"	"STEEL ALLOY METAL"
"POINT (316797.0149932588 7595116.212041704)"	"S0021600"	"Mike East"	"Prospect"	"MANGANESE ORE"	"Mn"	"STEEL ALLOY METAL"
"POINT (329450.7838694023 7605899.751933189)"	"S0021602"	"Pearana"	"Prospect"	"COPPER - LEAD - ZINC"	"Cu, Au"	"BASE METAL"
"POINT (389891.9784674653 7687095.523366655)"	"S0021681"	"Colt"	"Prospect"	"GOLD"	"Au, Cu, Ag"	"PRECIOUS METAL"
"POINT (533756.5783636711 7433200.33372741)"	"S0021734"	"Runton"	"Prospect"	"DIAMOND"	"Dmd"	"PRECIOUS MINERAL"
"POINT (411251.3669917152 7559799.669143847)"	"S0022031"	"Mt Isdell"	"Target"	"COPPER - LEAD - ZINC"	"Cu, Zn, Pb, Au"	"BASE METAL"
"POINT (484873.5233676377 7456866.604980194)"	"S0022059"	"Beadell SE"	"Target"	"COPPER - LEAD - ZINC"	"Cu, Au, U, Co"	"BASE METAL"
"POINT (459353.8505368392 7475999.553450687)"	"S0022180"	"Mt Cotton"	"Prospect"	"COPPER - LEAD - ZINC"	"Cu, U, Zn"	"BASE METAL"
"POINT (442348.3686269348 7596049.497859189)"	"S0022182"	"Triangle"	"Prospect"	"GOLD"	"Au, Cu"	"PRECIOUS METAL"
"POINT (481052.6582604445 7425275.935586149)"	"S0022801"	"Lake Disappointment Potash"	"Mine"	"POTASH"	"K, Salt"	"INDUSTRIAL MINERAL"
"POINT (517152.0254720744 7462750.447170923)"	"S0022834"	"Gazza"	"Prospect"	"COPPER - LEAD - ZINC"	"Cu, Pb, Zn, Ag, Ni"	"BASE METAL"
"POINT (348347.9020632235 7657604.447278939)"	"S0022919"	"Duke"	"Prospect"	"COPPER - LEAD - ZINC"	"Zn"	"BASE METAL"
"POINT (318425.5052636984 7605501.261225518)"	"S0023452"	"In-Pit TSF"	"Infrastructure"	"MANGANESE ORE"	"Mn"	"STEEL ALLOY METAL"
"POINT (416101.2951587317 7597986.848217987)"	"S0023582"	"West Dome - Pit 8"	"Mine"	"GOLD"	"Au"	"PRECIOUS METAL"
"POINT (415846.3906303714 7597385.551918538)"	"S0023583"	"West Dome - Pit 9"	"Mine"	"GOLD"	"Au"	"PRECIOUS METAL"
"POINT (415238.6725351968 7598747.308153192)"	"S0023584"	"West Dome - Pit 10"	"Mine"	"GOLD"	"Au"	"PRECIOUS METAL"
"POINT (414801.9043928586 7599262.815521408)"	"S0023585"	"West Dome - Pit 11"	"Mine"	"GOLD"	"Au"	"PRECIOUS METAL"
"POINT (417096.8719921718 7597580.36613016)"	"S0023586"	"Pit 14"	"Mine"	"GOLD"	"Au"	"PRECIOUS METAL"
"POINT (316006.6000073786 7609042.502469992)"	"S0023622"	"Eat"	"Mine"	"MANGANESE ORE"	"Mn"	"STEEL ALLOY METAL"
"POINT (494999.9457707045 7419799.379138573)"	"S0025750"	"Lake Disappointment Gp"	"Occurrence"	"GYPSUM"	"Gp"	"INDUSTRIAL MINERAL"
"POINT (378998.8153188824 7649921.294437421)"	"S0025753"	"Lake Waukarlycarly Gp"	"Occurrence"	"GYPSUM"	"Gp"	"INDUSTRIAL MINERAL"
"POINT (411000.1219736293 7509799.878371797)"	"S0025759"	"Watrara Creek"	"Occurrence"	"GYPSUM"	"Gp"	"INDUSTRIAL MINERAL"
"POINT (297474.3821774966 7675121.907219566)"	"S0026200"	"Barker Well"	"Mine"	"COPPER - LEAD - ZINC"	"Pb, Zn, Ag"	"BASE METAL"
"POINT (296836.5991537877 7684351.803455506)"	"S0026202"	"Camel Hump South"	"Mine"	"COPPER - LEAD - ZINC"	"Cu, Pb"	"BASE METAL"
"POINT (307146.7159336064 7646486.356944367)"	"S0026209"	"Ragged Hills East (Northwest)"	"Mine"	"SILVER"	"Ag, Pb, Cu, Zn"	"PRECIOUS METAL"
"POINT (302258.7769695958 7653327.016373626)"	"S0026210"	"Devons Cut"	"Mine"	"COPPER - LEAD - ZINC"	"Pb, Zn, Ag"	"BASE METAL"
"POINT (299420.0417913535 7658910.369395753)"	"S0026211"	"Mt Brockman 1"	"Mine"	"COPPER - LEAD - ZINC"	"Pb, Ag"	"BASE METAL"
"POINT (300146.8656774045 7663050.813725895)"	"S0026212"	"Moxom Well"	"Mine"	"COPPER - LEAD - ZINC"	"Pb, Ag, Zn, V"	"BASE METAL"
"POINT (295836.5466834191 7685051.627143806)"	"S0026217"	"Camel Hump"	"Occurrence"	"COPPER - LEAD - ZINC"	"Cu"	"BASE METAL"
"POINT (314235.8102271368 7690352.327179099)"	"S0026218"	"Baton"	"Prospect"	"COPPER - LEAD - ZINC"	"Pb, Zn, Ag"	"BASE METAL"
"POINT (301734.2247799032 7666882.592716534)"	"S0026219"	"North Koongallin Hill"	"Mine"	"COPPER - LEAD - ZINC"	"Pb, Ag"	"BASE METAL"
"POINT (297867.5914406248 7670928.649020893)"	"S0026220"	"Gossan Hill"	"Mine"	"COPPER - LEAD - ZINC"	"Pb, Ag"	"BASE METAL"
"POINT (320146.3074027204 7660052.087163273)"	"S0026227"	"Warroo"	"Prospect"	"COPPER - LEAD - ZINC"	"Zn, Cu"	"BASE METAL"
"POINT (317286.478216845 7664952.408347389)"	"S0026228"	"Warroo North"	"Prospect"	"COPPER - LEAD - ZINC"	"Cu, Zn"	"BASE METAL"
"POINT (336555.7222769867 7629651.354972983)"	"S0026229"	"Rainbow (Cu Zn)"	"Prospect"	"COPPER - LEAD - ZINC"	"Cu, Pb, Zn"	"BASE METAL"
"POINT (336136.1460633756 7626952.183046455)"	"S0026230"	"Holly"	"Prospect"	"COPPER - LEAD - ZINC"	"Cu, Pb, Zn"	"BASE METAL"
"POINT (336585.0777758481 7656402.425341827)"	"S0026231"	"Warrabarty"	"Prospect"	"COPPER - LEAD - ZINC"	"Pb, Zn"	"BASE METAL"
"POINT (339236.4954925614 7633751.445098028)"	"S0026232"	"Grevillea"	"Prospect"	"COPPER - LEAD - ZINC"	"Zn, Pb, Ag"	"BASE METAL"
"POINT (325935.3011019765 7672252.648805646)"	"S0026233"	"Hammerhead"	"Prospect"	"COPPER - LEAD - ZINC"	"Zn, Pb, Ag"	"BASE METAL"
"POINT (300135.1461241276 7672710.217459584)"	"S0026234"	"Braeside 1"	"Occurrence"	"COPPER - LEAD - ZINC"	"Pb"	"BASE METAL"
"POINT (300690.2124199377 7664605.482060121)"	"S0026235"	"Braeside 2"	"Occurrence"	"COPPER - LEAD - ZINC"	"Pb"	"BASE METAL"
"POINT (301924.6224267102 7657949.580458111)"	"S0026236"	"Mt Brockman 2"	"Mine"	"COPPER - LEAD - ZINC"	"Pb, Ag"	"BASE METAL"
"POINT (300200.2101167674 7657450.360589095)"	"S0026237"	"Mt Brockman 3"	"Prospect"	"SILVER"	"Ag, Pb"	"PRECIOUS METAL"
"POINT (307408.0523417715 7644432.089355687)"	"S0026238"	"Ragged Hills 307"	"Prospect"	"COPPER - LEAD - ZINC"	"Cu, Ag"	"BASE METAL"
"POINT (295745.3668765113 7661508.367724858)"	"S0026240"	"Braeside West 1"	"Mine"	"MANGANESE ORE"	"Mn"	"STEEL ALLOY METAL"
"POINT (296841.454560623 7619596.297816923)"	"S0026245"	"Pearana 1"	"Mine"	"MANGANESE ORE"	"Mn"	"STEEL ALLOY METAL"
"POINT (314556.1470416363 7610106.300377738)"	"S0026246"	"Pearana 2"	"Occurrence"	"MANGANESE ORE"	"Mn"	"STEEL ALLOY METAL"
"POINT (318134.4480161367 7585982.622569403)"	"S0026247"	"Pearana 9"	"Mine"	"MANGANESE ORE"	"Mn"	"STEEL ALLOY METAL"
"POINT (318942.1223066718 7584952.791815385)"	"S0026248"	"Max"	"Prospect"	"MANGANESE ORE"	"Mn"	"STEEL ALLOY METAL"
"POINT (317285.2513095838 7577750.898398118)"	"S0026249"	"Pearana 11"	"Occurrence"	"MANGANESE ORE"	"Mn"	"STEEL ALLOY METAL"
"POINT (319224.395961744 7576493.21556426)"	"S0026250"	"Pearana 12"	"Occurrence"	"MANGANESE ORE"	"Mn"	"STEEL ALLOY METAL"
"POINT (321996.7571974693 7571770.485431103)"	"S0026251"	"Pearana 13"	"Occurrence"	"MANGANESE ORE"	"Mn"	"STEEL ALLOY METAL"
"POINT (323226.7112478418 7571944.727704907)"	"S0026252"	"Pearana 14"	"Occurrence"	"MANGANESE ORE"	"Mn"	"STEEL ALLOY METAL"
"POINT (299235.4015538034 7595350.942657493)"	"S0026253"	"Depot Creek"	"Occurrence"	"MANGANESE ORE"	"Mn"	"STEEL ALLOY METAL"
"POINT (296465.7539799871 7581630.696650268)"	"S0026254"	"Skull Springs Southwest"	"Mine"	"MANGANESE ORE"	"Mn"	"STEEL ALLOY METAL"
"POINT (295835.8381114722 7581251.605820542)"	"S0026255"	"Davis Crossing"	"Occurrence"	"MANGANESE ORE"	"Mn"	"STEEL ALLOY METAL"
"POINT (295755.7177573998 7569500.99311189)"	"S0026260"	"Pearana 16"	"Occurrence"	"MANGANESE ORE"	"Mn"	"STEEL ALLOY METAL"
"POINT (297135.6537864978 7568150.984781293)"	"S0026261"	"Pearana 17"	"Occurrence"	"MANGANESE ORE"	"Mn"	"STEEL ALLOY METAL"
"POINT (297736.7054087105 7566951.506578139)"	"S0026263"	"Pearana 18"	"Occurrence"	"MANGANESE ORE"	"Mn"	"STEEL ALLOY METAL"
"POINT (326284.8989579951 7567350.040891097)"	"S0026267"	"Wootha Wootha Creek"	"Occurrence"	"BARITE"	"Brt"	"INDUSTRIAL MINERAL"
"POINT (326805.6926705184 7569301.347035083)"	"S0026268"	"Pearana Gp"	"Occurrence"	"GYPSUM"	"Gp"	"INDUSTRIAL MINERAL"
"POINT (342236.0529683113 7571251.093854392)"	"S0026269"	"Fletchers Find"	"Prospect"	"GOLD"	"Au"	"PRECIOUS METAL"
"POINT (329036.0624466698 7587970.494557244)"	"S0026270"	"Pearana 1 (Pb)"	"Occurrence"	"COPPER - LEAD - ZINC"	"Pb"	"BASE METAL"
"POINT (329986.7506365902 7591621.429940835)"	"S0026271"	"Pearana 2 (Pb)"	"Occurrence"	"COPPER - LEAD - ZINC"	"Pb"	"BASE METAL"
"POINT (340301.9331367138 7576878.137935773)"	"S0026273"	"Pearana Iron"	"Occurrence"	"UNASSIGNED"	"Qtz, Fe"	"INDUSTRIAL MINERAL"
"POINT (330834.6058141233 7600550.658734834)"	"S0026274"	"Pearana (Cu)"	"Occurrence"	"COPPER - LEAD - ZINC"	"Cu"	"BASE METAL"
"POINT (288108.6031454489 7690420.342725203)"	"S0026312"	"Barramine"	"Mine"	"COPPER - LEAD - ZINC"	"Cu"	"BASE METAL"
"POINT (288776.9742070994 7689130.359923428)"	"S0026313"	"Barramine South"	"Mine"	"COPPER - LEAD - ZINC"	"Cu, Ag"	"BASE METAL"
"POINT (297245.0933822594 7674484.582615218)"	"S0026624"	"Barker Well South 1"	"Occurrence"	"COPPER - LEAD - ZINC"	"Pb"	"BASE METAL"
"POINT (294517.7275270534 7671216.337116801)"	"S0026625"	"Koongalin Creek (Pb)"	"Occurrence"	"COPPER - LEAD - ZINC"	"Pb"	"BASE METAL"
"POINT (300046.9558663468 7666154.668511931)"	"S0026627"	"North Koongalin West"	"Occurrence"	"COPPER - LEAD - ZINC"	"Pb, Cu"	"BASE METAL"
"POINT (318835.4160476991 7608961.530243249)"	"S0027383"	"Crystal Flats"	"Occurrence"	"MANGANESE ORE"	"Mn"	"STEEL ALLOY METAL"
"POINT (287083.9363591111 7576277.339295046)"	"S0027390"	"Redmond"	"Occurrence"	"MANGANESE ORE"	"Mn"	"STEEL ALLOY METAL"
"POINT (291249.9752182675 7581309.436514525)"	"S0027391"	"Sunset Hill"	"Occurrence"	"MANGANESE ORE"	"Mn"	"STEEL ALLOY METAL"
"POINT (302135.4303204772 7617161.375198228)"	"S0027392"	"Upper Carawine Pool"	"Occurrence"	"MANGANESE ORE"	"Mn"	"STEEL ALLOY METAL"
"POINT (293300.1284885947 7587360.004590922)"	"S0027393"	"Snake Hill"	"Occurrence"	"MANGANESE ORE"	"Mn"	"STEEL ALLOY METAL"
"POINT (299635.6761486184 7600161.217888156)"	"S0027394"	"Boondamana"	"Occurrence"	"MANGANESE ORE"	"Mn"	"STEEL ALLOY METAL"
"POINT (299135.6418723071 7576360.912339209)"	"S0027402"	"Stockyard Creek"	"Occurrence"	"MANGANESE ORE"	"Mn"	"STEEL ALLOY METAL"
"POINT (336000.762105846 7624349.972610311)"	"S0027406"	"Rainbow South"	"Prospect"	"COPPER - LEAD - ZINC"	"Cu, Pb, Zn"	"BASE METAL"
"POINT (297244.5880244091 7673675.08491258)"	"S0027407"	"Barker Well South 2"	"Occurrence"	"COPPER - LEAD - ZINC"	"Cu"	"BASE METAL"
"POINT (297056.1106394045 7668945.374062601)"	"S0027409"	"Gossan Hill South"	"Occurrence"	"COPPER - LEAD - ZINC"	"Cu"	"BASE METAL"
"POINT (306334.6629353841 7647660.53545366)"	"S0027410"	"Ragged Hills North 3"	"Occurrence"	"COPPER - LEAD - ZINC"	"Cu, Pb"	"BASE METAL"
"POINT (306990.0208569117 7647100.197370939)"	"S0027412"	"Ragged Hills North 2"	"Occurrence"	"COPPER - LEAD - ZINC"	"Cu, Pb, Zn"	"BASE METAL"
"POINT (307460.2456382321 7646480.079516072)"	"S0027413"	"Ragged Hills North 1"	"Occurrence"	"COPPER - LEAD - ZINC"	"Cu, Zn"	"BASE METAL"
"POINT (307749.346680081 7645460.288054051)"	"S0027415"	"Ragged Hills East (S)"	"Occurrence"	"COPPER - LEAD - ZINC"	"Zn"	"BASE METAL"
"POINT (307272.6855401559 7646013.119508717)"	"S0027416"	"Ragged Hills East (N)"	"Occurrence"	"COPPER - LEAD - ZINC"	"Pb, Ag"	"BASE METAL"
"POINT (291635.1283330165 7583160.740844302)"	"S0027995"	"Skull Springs West"	"Occurrence"	"MANGANESE ORE"	"Mn"	"STEEL ALLOY METAL"
"POINT (297284.7158283868 7582510.542463865)"	"S0028129"	"Skull Springs North"	"Occurrence"	"MANGANESE ORE"	"Mn"	"STEEL ALLOY METAL"
"POINT (297781.2430059682 7581962.01180399)"	"S0028130"	"Piglet"	"Prospect"	"MANGANESE ORE"	"Mn"	"STEEL ALLOY METAL"
"POINT (292499.5134497373 7670500.162672879)"	"S0028456"	"Koongalin Creek Mn"	"Occurrence"	"MANGANESE ORE"	"Mn"	"STEEL ALLOY METAL"
"POINT (290128.8375913115 7560631.931401728)"	"S0029137"	"Bee Hill NE"	"Prospect"	"MANGANESE ORE"	"Mn"	"STEEL ALLOY METAL"
"POINT (287890.533475399 7563138.520583492)"	"S0029138"	"Balfour Downs 2 Mn"	"Occurrence"	"MANGANESE ORE"	"Mn"	"STEEL ALLOY METAL"
"POINT (288058.8063714082 7561415.286765018)"	"S0029139"	"Bee Hill North 2"	"Occurrence"	"MANGANESE ORE"	"Mn"	"STEEL ALLOY METAL"
"POINT (287910.6315880787 7560625.358972823)"	"S0029140"	"Bee Hill North 1"	"Mine"	"MANGANESE ORE"	"Mn"	"STEEL ALLOY METAL"
"POINT (285255.2127774014 7558953.44244501)"	"S0029143"	"Bee Hill East"	"Occurrence"	"MANGANESE ORE"	"Mn"	"STEEL ALLOY METAL"
"POINT (285836.1414121017 7560655.540590926)"	"S0029155"	"Bee Hill North 3"	"Occurrence"	"MANGANESE ORE"	"Mn"	"STEEL ALLOY METAL"
"POINT (285611.4602208865 7561353.149117308)"	"S0029156"	"Bee Hill North 4"	"Occurrence"	"MANGANESE ORE"	"Mn"	"STEEL ALLOY METAL"
"POINT (287333.4457772773 7562024.539457771)"	"S0029158"	"Balfour Downs 21 Mn"	"Occurrence"	"MANGANESE ORE"	"Mn"	"STEEL ALLOY METAL"
"POINT (317204.0293657711 7528449.374733429)"	"S0029170"	"Balfour Downs 22 Mn"	"Occurrence"	"MANGANESE ORE"	"Mn"	"STEEL ALLOY METAL"
"POINT (327299.5106154834 7544400.32015725)"	"S0029296"	"Enacheddong (Cu)"	"Occurrence"	"COPPER - LEAD - ZINC"	"Cu"	"BASE METAL"
"POINT (496799.8383379646 7454900.209198153)"	"S0029471"	"Gunanya"	"Occurrence"	"COPPER - LEAD - ZINC"	"Cu, Pb, Zn"	"BASE METAL"
"POINT (401449.3598870815 7529250.516934121)"	"S0029473"	"Lead Hills"	"Prospect"	"COPPER - LEAD - ZINC"	"Pb, Zn, Ag, Cu, U, Cd"	"BASE METAL"
"POINT (432400.7898969663 7480700.016485593)"	"S0029474"	"Minder"	"Prospect"	"URANIUM"	"U, Pb, Cu, Zn, Bi"	"ENERGY"
"POINT (432399.4039529818 7485399.3823536)"	"S0029475"	"Cassandra"	"Prospect"	"URANIUM"	"U, Au, Ag, Cu, Pb"	"ENERGY"
"POINT (429300.0010012207 7489899.802373992)"	"S0029476"	"Bilbo"	"Occurrence"	"URANIUM"	"U, Pb, Cu"	"ENERGY"
"POINT (426000.4751895703 7490799.673582051)"	"S0029477"	"Dione"	"Prospect"	"URANIUM"	"U, Au"	"ENERGY"
"POINT (415700.0009354447 7495499.974016329)"	"S0029479"	"Fandango"	"Prospect"	"URANIUM"	"U, Zr"	"ENERGY"
"POINT (420940.6646148656 7501659.889896734)"	"S0029480"	"Tom Tit"	"Prospect"	"CHROMITE - PLATINOIDS"	"PGE"	"PRECIOUS METAL"
"POINT (420500.3857462921 7503900.476514844)"	"S0029482"	"Jason"	"Prospect"	"CHROMITE - PLATINOIDS"	"PGE"	"PRECIOUS METAL"
"POINT (430650.5507595206 7528950.165465945)"	"S0029484"	"Sunday Creek"	"Prospect"	"URANIUM"	"U, Cu, Pb"	"ENERGY"
"POINT (404500.0514393853 7518699.394848921)"	"S0029486"	"Wellington"	"Prospect"	"URANIUM"	"U, Au, Cu, Pb"	"ENERGY"
"POINT (403749.5502960252 7530999.703234819)"	"S0029489"	"Tracy"	"Prospect"	"URANIUM"	"U, Pb, Zn, Cu"	"ENERGY"
"POINT (431333.6270354025 7544716.263555344)"	"S0029491"	"Yeppoon"	"Prospect"	"COPPER - LEAD - ZINC"	"Cu, Pb, Zn"	"BASE METAL"
"POINT (432350.326882323 7543499.941058511)"	"S0029492"	"Airlie"	"Prospect"	"COPPER - LEAD - ZINC"	"Zn, Cu, Pb, Ni, Co"	"BASE METAL"
"POINT (417635.6102577188 7612398.732770463)"	"S0029493"	"Camp Dome"	"Deposit"	"COPPER - LEAD - ZINC"	"Cu, Au, W, Pb, Zn, As, Bi, Ag, Co"	"BASE METAL"
"POINT (431063.7075466115 7585561.962757809)"	"S0029497"	"Trotmans Stockwork"	"Prospect"	"GOLD"	"Au, Sn, Bi, W, Pb, Cu"	"PRECIOUS METAL"
"POINT (410199.7963018744 7589499.914914137)"	"S0029499"	"Hashes"	"Prospect"	"COPPER - LEAD - ZINC"	"Cu, Au"	"BASE METAL"
"POINT (446299.3281697891 7610200.198207278)"	"S0029500"	"Black Hills - Protos 2"	"Prospect"	"GOLD"	"Au, Ag, Cu, Pb, Zn"	"PRECIOUS METAL"
"POINT (417644.2631050606 7611536.159978421)"	"S0029501"	"17 Mile Hill 1"	"Occurrence"	"GOLD"	"Au"	"PRECIOUS METAL"
"POINT (418651.8194444084 7612438.53986674)"	"S0029502"	"17 Mile Hill 2"	"Occurrence"	"GOLD"	"Au"	"PRECIOUS METAL"
"POINT (445950.3516569604 7608400.391268698)"	"S0029503"	"Black Hills S"	"Prospect"	"GOLD"	"Au"	"PRECIOUS METAL"
"POINT (411650.3480973237 7587050.569721614)"	"S0029505"	"Kurili Hill 1"	"Prospect"	"COPPER - LEAD - ZINC"	"Cu"	"BASE METAL"
"POINT (412099.8462478343 7586699.936385124)"	"S0029506"	"Kurili Hill 2"	"Prospect"	"COPPER - LEAD - ZINC"	"Cu"	"BASE METAL"
"POINT (412500.1269416389 7586650.113146381)"	"S0029507"	"Kurili Hill 3"	"Prospect"	"COPPER - LEAD - ZINC"	"Cu"	"BASE METAL"
"POINT (420349.5604379548 7536800.285909235)"	"S0029508"	"Cottesloe"	"Prospect"	"COPPER - LEAD - ZINC"	"Pb, Zn, Ag"	"BASE METAL"
"POINT (429550.3355782091 7542700.509119878)"	"S0029509"	"Maroochydore S"	"Occurrence"	"COPPER - LEAD - ZINC"	"Cu"	"BASE METAL"
"POINT (445599.8079197607 7527400.258244831)"	"S0029510"	"Mt Sears Range"	"Prospect"	"URANIUM"	"U, Cu"	"ENERGY"
"POINT (402199.7296017226 7504950.560100608)"	"S0029512"	"Rudall 1"	"Occurrence"	"BARITE"	"Brt"	"INDUSTRIAL MINERAL"
"POINT (400799.8210046685 7507249.866542637)"	"S0029513"	"Rudall 2"	"Occurrence"	"BARITE"	"Brt"	"INDUSTRIAL MINERAL"
"POINT (401749.7366397433 7502000.606614018)"	"S0029514"	"Rudall Mn"	"Occurrence"	"MANGANESE ORE"	"Mn"	"STEEL ALLOY METAL"
"POINT (456800.0783598727 7473099.777001463)"	"S0029516"	"South Rudall Dome 3"	"Prospect"	"COPPER - LEAD - ZINC"	"Cu, Zn"	"BASE METAL"
"POINT (457050.5515175471 7469800.499206832)"	"S0029518"	"South Rudall Dome 4"	"Prospect"	"COPPER - LEAD - ZINC"	"Cu, Pb, Zn, Ag"	"BASE METAL"
"POINT (455464.7080265412 7468174.135737221)"	"S0029519"	"South Rudall Dome 1"	"Occurrence"	"MANGANESE ORE"	"Mn"	"STEEL ALLOY METAL"
"POINT (455949.8786709253 7466999.909215199)"	"S0029520"	"South Rudall Dome 2"	"Occurrence"	"COPPER - LEAD - ZINC"	"Cu"	"BASE METAL"
"POINT (451699.4302142918 7457975.044733882)"	"S0029522"	"McKay Range"	"Occurrence"	"MANGANESE ORE"	"Mn"	"STEEL ALLOY METAL"
"POINT (466400.0346312803 7477750.245871177)"	"S0029523"	"Mt Cotton E"	"Occurrence"	"COPPER - LEAD - ZINC"	"Cu, Pb, As"	"BASE METAL"
"POINT (454999.7117851701 7478899.666652096)"	"S0029524"	"Mt Cotton NW 1"	"Occurrence"	"RARE EARTHS"	"La, Pb"	"SPECIALITY METAL"
"POINT (456599.7980305024 7478550.086917616)"	"S0029525"	"Mt Cotton NW 2"	"Occurrence"	"RARE EARTHS"	"La, Pb"	"SPECIALITY METAL"
"POINT (521950.0365303277 7465250.459621904)"	"S0029526"	"Copper Hills 1"	"Occurrence"	"COPPER - LEAD - ZINC"	"Cu"	"BASE METAL"
"POINT (520800.4485498379 7454799.798265926)"	"S0029527"	"Leons Find"	"Occurrence"	"COPPER - LEAD - ZINC"	"Cu, Au"	"BASE METAL"
"POINT (433900.3741332859 7501849.656716136)"	"S0029529"	"Rudall River 1"	"Occurrence"	"GOLD"	"Au"	"PRECIOUS METAL"
"POINT (527749.9502405977 7445900.322367609)"	"S0029530"	"Echo"	"Occurrence"	"GOLD"	"Au, Cu, Co"	"PRECIOUS METAL"
"POINT (529650.1954029447 7445649.809898382)"	"S0029531"	"Echo ESE"	"Occurrence"	"COPPER - LEAD - ZINC"	"Cu"	"BASE METAL"
"POINT (377600.12058762 7563299.743404757)"	"S0029542"	"Moses Chair"	"Prospect"	"COPPER - LEAD - ZINC"	"Zn, Pb"	"BASE METAL"
"POINT (449400.4271238864 7525750.485551329)"	"S0029543"	"Coogee Pb-Zn"	"Occurrence"	"COPPER - LEAD - ZINC"	"Pb, Zn"	"BASE METAL"
"POINT (415699.8639448817 7540199.78669971)"	"S0029546"	"Cottesloe NW"	"Occurrence"	"COPPER - LEAD - ZINC"	"Pb"	"BASE METAL"
"POINT (502000.0508578607 7469000.152241848)"	"S0029550"	"Whale Au-Cu"	"Prospect"	"GOLD"	"Au, Cu"	"PRECIOUS METAL"
"POINT (501800.2598602362 7462199.964369407)"	"S0029552"	"BIF"	"Prospect"	"COPPER - LEAD - ZINC"	"Cu, Pb, Zn"	"BASE METAL"
"POINT (529150.1836523596 7449199.906083003)"	"S0029553"	"Copper Lake"	"Prospect"	"COPPER - LEAD - ZINC"	"Cu"	"BASE METAL"
"POINT (440950.0371190074 7507199.742482169)"	"S0029561"	"Rudall River 2"	"Occurrence"	"GOLD"	"Au"	"PRECIOUS METAL"
"POINT (400950.0076422478 7509000.036192913)"	"S0029563"	"Watrara Pool"	"Occurrence"	"BARITE"	"Brt, Sr, Mo, Ce"	"INDUSTRIAL MINERAL"
"POINT (416350.6698728503 7608350.093874305)"	"S0029582"	"Trig Ironstone"	"Prospect"	"GOLD"	"Au"	"PRECIOUS METAL"
"POINT (414350.5823171061 7609799.604136329)"	"S0029583"	"H3 Gossan"	"Prospect"	"GOLD"	"Au, Pb, Zn, Ag, As"	"PRECIOUS METAL"
"POINT (423600.1424749244 7609350.264686119)"	"S0029584"	"Wobbleys Gossan"	"Prospect"	"GOLD"	"Au"	"PRECIOUS METAL"
"POINT (421499.559600197 7608599.636379955)"	"S0029585"	"282 Reef"	"Prospect"	"GOLD"	"Au"	"PRECIOUS METAL"
"POINT (416749.6791316626 7612050.373589314)"	"S0029586"	"Camp North"	"Occurrence"	"GOLD"	"Au"	"PRECIOUS METAL"
"POINT (418550.3575440915 7611149.694358462)"	"S0029587"	"17 Mile Hill C9"	"Occurrence"	"GOLD"	"Au"	"PRECIOUS METAL"
"POINT (392349.5973054569 7546949.847288963)"	"S0029609"	"Coolbro Creek"	"Occurrence"	"GOLD"	"Au"	"PRECIOUS METAL"
"POINT (411400.0136335109 7586899.739950284)"	"S0029614"	"Hastie Advance"	"Prospect"	"GOLD"	"Au, Cu, As"	"PRECIOUS METAL"
"POINT (413099.7909364321 7586050.104832804)"	"S0029615"	"Hastie Retreat"	"Prospect"	"GOLD"	"Au, Cu, As"	"PRECIOUS METAL"
"POINT (412599.4388040961 7587199.708886523)"	"S0029616"	"Frenchmore"	"Prospect"	"GOLD"	"Au, Cu"	"PRECIOUS METAL"
"POINT (412999.8102091721 7585999.745879003)"	"S0029626"	"Kurili Hill"	"Occurrence"	"GOLD"	"Au"	"PRECIOUS METAL"
"POINT (431768.5726115004 7573919.112150719)"	"S0029748"	"Grace East"	"Deposit"	"GOLD"	"Au, Cu, As"	"PRECIOUS METAL"
"POINT (391120.448776253 7609450.031369345)"	"S0029752"	"Lamil Hills South 1"	"Prospect"	"GOLD"	"Au"	"PRECIOUS METAL"
"POINT (390962.691629213 7611468.343862871)"	"S0029753"	"Egg"	"Prospect"	"GOLD"	"Au, As"	"PRECIOUS METAL"
"POINT (353600.0606803611 7612149.549820725)"	"S0029831"	"Citadel"	"Prospect"	"COPPER - LEAD - ZINC"	"Zn, Pb"	"BASE METAL"
"POINT (360820.0886603106 7589650.305231661)"	"S0029832"	"Finch Cu-Pb-Ag"	"Prospect"	"COPPER - LEAD - ZINC"	"Cu, Pb"	"BASE METAL"
"POINT (367119.8396892775 7587950.357489685)"	"S0029833"	"Finch East"	"Prospect"	"COPPER - LEAD - ZINC"	"Pb, Zn"	"BASE METAL"
"POINT (357620.170392365 7595879.674031123)"	"S0029834"	"Finch"	"Prospect"	"COPPER - LEAD - ZINC"	"Cu"	"BASE METAL"
"POINT (355820.1064195653 7600150.440947436)"	"S0029835"	"Nifty SE"	"Prospect"	"COPPER - LEAD - ZINC"	"Cu"	"BASE METAL"
"POINT (346919.3268796716 7637249.899317635)"	"S0029842"	"Bulgamulgardy"	"Prospect"	"COPPER - LEAD - ZINC"	"Zn"	"BASE METAL"
"POINT (387770.7661218786 7613511.209609687)"	"S0029862"	"North Magnetic"	"Prospect"	"GOLD"	"Au"	"PRECIOUS METAL"
"POINT (401370.1107558523 7521640.040938551)"	"S0029865"	"Wanderer"	"Prospect"	"COPPER - LEAD - ZINC"	"Pb, Cu, Zn, Ag"	"BASE METAL"
"POINT (540820.3257766744 7669346.585281431)"	"S0029877"	"Sahara 1"	"Occurrence"	"SALT"	"Salt"	"INDUSTRIAL MINERAL"
"POINT (414100.4760552763 7607400.669601494)"	"S0029886"	"Thomson Fold Closure"	"Prospect"	"GOLD"	"Au"	"PRECIOUS METAL"
"POINT (413200.4421568593 7608099.844017205)"	"S0029887"	"Thomsons Dome E (SE)"	"Prospect"	"GOLD"	"Au"	"PRECIOUS METAL"
"POINT (445249.9247223008 7496100.391498933)"	"S0029901"	"Jackpot - Connaughton Hills"	"Occurrence"	"URANIUM"	"U, Au, Pb"	"ENERGY"
"POINT (446900.5718870208 7494799.959814649)"	"S0029902"	"Gasher"	"Occurrence"	"COPPER - LEAD - ZINC"	"Pb, Cu, Ce, La"	"BASE METAL"
"POINT (417222.4649455479 7700881.00064011)"	"S0029980"	"Trigger"	"Occurrence"	"COPPER - LEAD - ZINC"	"Cu, Au, V, W"	"BASE METAL"
"POINT (463936.2840257501 7597760.933035252)"	"S0030094"	"Havieron HAC 9201"	"Occurrence"	"GOLD"	"Au, Cu, Zn, Pb"	"PRECIOUS METAL"
"POINT (419999.6387212179 7583000.113224195)"	"S0030160"	"Mathews Dome"	"Occurrence"	"GOLD"	"Au"	"PRECIOUS METAL"
"POINT (421199.6213573912 7607500.117157307)"	"S0030166"	"Bean Counters Gossan"	"Occurrence"	"GOLD"	"Au"	"PRECIOUS METAL"
"POINT (389400.6188398153 7542299.46146719)"	"S0030654"	"Tabletop"	"Occurrence"	"GOLD"	"Au"	"PRECIOUS METAL"
"POINT (392299.8638370443 7611250.183454319)"	"S0030770"	"Stuttgart"	"Prospect"	"GOLD"	"Au"	"PRECIOUS METAL"
"POINT (285599.7652970493 7693688.943718908)"	"S0030862"	"Area 1 North 2"	"Prospect"	"MANGANESE ORE"	"Mn"	"STEEL ALLOY METAL"
"POINT (286024.8770783234 7693717.082882185)"	"S0030863"	"Area 1 North 1"	"Occurrence"	"MANGANESE ORE"	"Mn"	"STEEL ALLOY METAL"
"POINT (389885.1661976186 7618145.927664764)"	"S0031092"	"Telfer Rd 1 (Gravel)"	"Mine"	"CONSTRUCTION MATERIALS"	"Gvl"	"CONSTRUCTION MATERIAL"
"POINT (389485.4222425015 7619352.03221286)"	"S0031093"	"Telfer Rd 2 (Gravel)"	"Mine"	"CONSTRUCTION MATERIALS"	"Gvl"	"CONSTRUCTION MATERIAL"
"POINT (388869.3241225094 7619474.006901811)"	"S0031094"	"Telfer Rd 3 (Gravel)"	"Mine"	"CONSTRUCTION MATERIALS"	"Gvl"	"CONSTRUCTION MATERIAL"
"POINT (391900.2511356889 7609399.937393237)"	"S0031095"	"Lamil Hills South 2"	"Prospect"	"COPPER - LEAD - ZINC"	"Cu, W"	"BASE METAL"
"POINT (392249.9433280615 7608500.083158419)"	"S0031096"	"Lamil Hills South 3"	"Prospect"	"COPPER - LEAD - ZINC"	"Cu, W"	"BASE METAL"
"POINT (387584.2819879364 7620014.194804222)"	"S0031097"	"Telfer Rd 4 (Gravel)"	"Mine"	"CONSTRUCTION MATERIALS"	"Gvl"	"CONSTRUCTION MATERIAL"
"POINT (371638.9257495826 7609883.250476761)"	"S0031098"	"Great Sandy Desert (Gravel)"	"Mine"	"CONSTRUCTION MATERIALS"	"Gvl"	"CONSTRUCTION MATERIAL"
"POINT (385839.0505039254 7573590.850048939)"	"S0031099"	"Goosewhacker"	"Prospect"	"COPPER - LEAD - ZINC"	"Cu"	"BASE METAL"
"POINT (437199.8468517112 7580000.144469665)"	"S0031126"	"Connaughton Dome"	"Prospect"	"GOLD"	"Au"	"PRECIOUS METAL"
"POINT (403300.1891261599 7608000.205699468)"	"S0031311"	"Tims Dome"	"Prospect"	"GOLD"	"Au"	"PRECIOUS METAL"
"POINT (286019.5268961159 7629765.482011541)"	"S0031450"	"Midgengadge Creek"	"Occurrence"	"MANGANESE ORE"	"Mn"	"STEEL ALLOY METAL"
"POINT (293295.9278123245 7664144.620317788)"	"S0032655"	"Braeside West 2"	"Occurrence"	"MANGANESE ORE"	"Mn"	"STEEL ALLOY METAL"
"POINT (523149.7298103403 7464550.152406411)"	"S0222850"	"Copper Hills 2"	"Occurrence"	"COPPER - LEAD - ZINC"	"Cu"	"BASE METAL"
"POINT (316395.9949367611 7609891.628116141)"	"S0222923"	"Big Mack South"	"Mine"	"MANGANESE ORE"	"Mn"	"STEEL ALLOY METAL"
"POINT (316842.2758006373 7604884.997259322)"	"S0222991"	"Camp (New)"	"Infrastructure"	"MANGANESE ORE"	"Mn"	"STEEL ALLOY METAL"
"POINT (294875.3263683325 7653605.935392729)"	"S0222994"	"Env Group"	"Mine"	"CONSTRUCTION MATERIALS"	"Sd"	"CONSTRUCTION MATERIAL"
"POINT (318106.3872031084 7603421.727637207)"	"S0223005"	"Greensnake Workshops"	"Infrastructure"	"MANGANESE ORE"	"Mn"	"STEEL ALLOY METAL"
"POINT (316300.0470536295 7603199.956167471)"	"S0223383"	"Bells West"	"Mine"	"MANGANESE ORE"	"Mn"	"STEEL ALLOY METAL"
"POINT (291952.1477495584 7684060.122762704)"	"S0223454"	"Jose South Traverse"	"Occurrence"	"MANGANESE ORE"	"Mn"	"STEEL ALLOY METAL"
"POINT (291605.9858708609 7684602.964965581)"	"S0223462"	"Jose North Traverse 3"	"Occurrence"	"MANGANESE ORE"	"Mn"	"STEEL ALLOY METAL"
"POINT (288097.5078189819 7687306.922431141)"	"S0223465"	"Big Mn Traverses"	"Occurrence"	"MANGANESE ORE"	"Mn"	"STEEL ALLOY METAL"
"POINT (285237.958231812 7689079.050649803)"	"S0223466"	"Beebie East Traverse"	"Occurrence"	"MANGANESE ORE"	"Mn"	"STEEL ALLOY METAL"
"POINT (286525.5580928618 7691811.397688119)"	"S0223471"	"Area 1 South"	"Occurrence"	"MANGANESE ORE"	"Mn"	"STEEL ALLOY METAL"
"POINT (285811.1810066878 7690461.725662705)"	"S0223472"	"Cleanskin East"	"Occurrence"	"MANGANESE ORE"	"Mn"	"STEEL ALLOY METAL"
"POINT (286761.3917419058 7688338.090975568)"	"S0223473"	"Area 2 North"	"Occurrence"	"MANGANESE ORE"	"Mn"	"STEEL ALLOY METAL"
"POINT (287488.9505513317 7687683.020386802)"	"S0223474"	"Area 2"	"Occurrence"	"MANGANESE ORE"	"Mn"	"STEEL ALLOY METAL"
"POINT (290120.9913656178 7686089.971415633)"	"S0223475"	"Area 3 North"	"Occurrence"	"MANGANESE ORE"	"Mn"	"STEEL ALLOY METAL"
"POINT (291393.5079140186 7684779.374759201)"	"S0223476"	"Jose North Traverse 1"	"Occurrence"	"MANGANESE ORE"	"Mn"	"STEEL ALLOY METAL"
"POINT (316190.9144998426 7604459.755985189)"	"S0223526"	"Camp (New) Office"	"Infrastructure"	"MANGANESE ORE"	"Mn"	"STEEL ALLOY METAL"
"POINT (416630.0345523561 7598227.046916772)"	"S0223689"	"Concrete Batch"	"Infrastructure"	"GOLD"	"Au"	"PRECIOUS METAL"
"POINT (313636.6377639586 7613019.100854248)"	"S0223700"	"Whodowe B"	"Mine"	"MANGANESE ORE"	"Mn"	"STEEL ALLOY METAL"
"POINT (313608.8317771072 7613157.641470511)"	"S0223701"	"Whodowe (Old) 3"	"Mine"	"MANGANESE ORE"	"Mn"	"STEEL ALLOY METAL"
"POINT (314553.5626921076 7550322.009815708)"	"S0223733"	"Enacheddong Ck South 2"	"Prospect"	"MANGANESE ORE"	"Mn"	"STEEL ALLOY METAL"
"POINT (315525.4318973998 7549934.364985518)"	"S0223734"	"Enacheddong Ck East"	"Prospect"	"MANGANESE ORE"	"Mn"	"STEEL ALLOY METAL"
"POINT (314946.8102474749 7549547.141493943)"	"S0223735"	"Enacheddong Ck SE"	"Occurrence"	"MANGANESE ORE"	"Mn"	"STEEL ALLOY METAL"
"POINT (314682.027092809 7559494.29940653)"	"S0223736"	"Disraeli North"	"Occurrence"	"MANGANESE ORE"	"Mn"	"STEEL ALLOY METAL"
"POINT (314484.8049405841 7558465.954483711)"	"S0223737"	"Disraeli South"	"Occurrence"	"MANGANESE ORE"	"Mn"	"STEEL ALLOY METAL"
"POINT (316537.6077186709 7557896.350962354)"	"S0223738"	"Baldwin"	"Occurrence"	"MANGANESE ORE"	"Mn"	"STEEL ALLOY METAL"
"POINT (316282.5611893242 7554585.763253749)"	"S0223739"	"Wilson Mn"	"Occurrence"	"MANGANESE ORE"	"Mn"	"STEEL ALLOY METAL"
"POINT (317316.1295981635 7528413.374070661)"	"S0223741"	"Tally-Ho North"	"Deposit"	"MANGANESE ORE"	"Mn"	"STEEL ALLOY METAL"
"POINT (317469.281526658 7528311.852225984)"	"S0223742"	"Tally-Ho South"	"Deposit"	"MANGANESE ORE"	"Mn"	"STEEL ALLOY METAL"
"POINT (316411.4473108057 7610943.555172847)"	"S0223834"	"Lucy Mack"	"Mine"	"MANGANESE ORE"	"Mn"	"STEEL ALLOY METAL"
"POINT (317515.4584896537 7605780.079402648)"	"S0223835"	"Area 1 In-pit TSF"	"Infrastructure"	"MANGANESE ORE"	"Mn"	"STEEL ALLOY METAL"
"POINT (289200.0358533423 7685174.049035789)"	"S0223850"	"Black Hills"	"Occurrence"	"MANGANESE ORE"	"Mn"	"STEEL ALLOY METAL"
"POINT (291441.5297471982 7684699.910411107)"	"S0223851"	"Jose North Traverse 2"	"Occurrence"	"MANGANESE ORE"	"Mn"	"STEEL ALLOY METAL"
"POINT (318857.9185574453 7600026.826409745)"	"S0223973"	"Windy Hill"	"Mine"	"MANGANESE ORE"	"Mn"	"STEEL ALLOY METAL"
"POINT (317030.1528196669 7602542.55807634)"	"S0223989"	"Greensnake Central"	"Mine"	"MANGANESE ORE"	"Mn"	"STEEL ALLOY METAL"
"POINT (404339.8835338581 7531008.331685221)"	"S0224015"	"Exploration Camp"	"Infrastructure"	"URANIUM"	"U"	"ENERGY"
"POINT (403758.5435877498 7532108.581297848)"	"S0224017"	"Airstrip"	"Infrastructure"	"URANIUM"	"U"	"ENERGY"
"POINT (367987.761756435 7543122.784060554)"	"S0224069"	"Yeneena BM1"	"Prospect"	"COPPER - LEAD - ZINC"	"Cu, U, Co, Mn, Gr"	"BASE METAL"
"POINT (418389.1402924454 7597638.146175185)"	"S0224145"	"VSC"	"Deposit"	"GOLD"	"Au, Cu, Ag"	"PRECIOUS METAL"
"POINT (312477.5951010489 7605713.01049058)"	"S0224519"	"Airstrip"	"Infrastructure"	"MANGANESE ORE"	"Mn"	"STEEL ALLOY METAL"
"POINT (313631.991061152 7613600.517622759)"	"S0224531"	"Whodowe (Old) 1"	"Mine"	"MANGANESE ORE"	"Mn"	"STEEL ALLOY METAL"
"POINT (313618.4887327597 7613469.25117946)"	"S0224532"	"Whodowe (Old) 2"	"Mine"	"MANGANESE ORE"	"Mn"	"STEEL ALLOY METAL"
"POINT (316799.9583544018 7609100.052763492)"	"S0224598"	"Demon"	"Mine"	"MANGANESE ORE"	"Mn"	"STEEL ALLOY METAL"
"POINT (317169.3524204351 7606427.594430665)"	"S0224683"	"Malta"	"Mine"	"MANGANESE ORE"	"Mn"	"STEEL ALLOY METAL"
"POINT (317595.5486708727 7607170.697046885)"	"S0224691"	"Waste Dump"	"Infrastructure"	"MANGANESE ORE"	"Mn"	"STEEL ALLOY METAL"
"POINT (314905.7799052062 7608780.063825307)"	"S0224766"	"Double 8B"	"Mine"	"MANGANESE ORE"	"Mn"	"STEEL ALLOY METAL"
"POINT (318091.9770837756 7606138.968783922)"	"S0224864"	"Laboratory & Core Store"	"Infrastructure"	"MANGANESE ORE"	"Mn"	"STEEL ALLOY METAL"
"POINT (318115.2237804485 7606381.073736997)"	"S0224865"	"Powerplant & Workshop"	"Infrastructure"	"OTHER"	"Power"	"ENERGY"
"POINT (317469.281526658 7528311.852225984)"	"S0224993"	"Tally-Ho Res Gp"	"Deposit"	"MANGANESE ORE"	"Mn"	"STEEL ALLOY METAL"
"POINT (314472.0201930259 7535592.020032905)"	"S0224994"	"Bandit 1"	"Occurrence"	"MANGANESE ORE"	"Mn"	"STEEL ALLOY METAL"
"POINT (317461.1411612089 7528688.617756551)"	"S0224995"	"South Woodie Woodie SE 2"	"Occurrence"	"MANGANESE ORE"	"Mn"	"STEEL ALLOY METAL"
"POINT (317259.0472511467 7529542.954178202)"	"S0224996"	"South Woodie Woodie SE 1"	"Occurrence"	"MANGANESE ORE"	"Mn"	"STEEL ALLOY METAL"
"POINT (313791.0404682426 7535719.995661462)"	"S0224997"	"Bandit 2"	"Occurrence"	"MANGANESE ORE"	"Mn"	"STEEL ALLOY METAL"
"POINT (288863.3795175081 7669152.867154637)"	"S0225048"	"Oakover MN1"	"Occurrence"	"MANGANESE ORE"	"Mn"	"STEEL ALLOY METAL"
"POINT (295369.971134599 7661912.01440008)"	"S0225049"	"Vanadium"	"Occurrence"	"MANGANESE ORE"	"Mn"	"STEEL ALLOY METAL"
"POINT (420402.8883672185 7595357.172998514)"	"S0225130"	"AMD Cell"	"Infrastructure"	"GOLD"	"Au, Cu"	"PRECIOUS METAL"
"POINT (391009.1509168154 7569764.585399943)"	"S0225232"	"Millennium"	"Prospect"	"COPPER - LEAD - ZINC"	"Zn, Cu"	"BASE METAL"
"POINT (311545.0489937291 7536845.951718265)"	"S0225295"	"Contact"	"Mine"	"MANGANESE ORE"	"Mn"	"STEEL ALLOY METAL"
"POINT (286291.7944588204 7692591.916264107)"	"S0225324"	"Area 1"	"Prospect"	"MANGANESE ORE"	"Mn"	"STEEL ALLOY METAL"
"POINT (289985.2765294393 7685769.884215111)"	"S0225325"	"Area 3A"	"Prospect"	"MANGANESE ORE"	"Mn"	"STEEL ALLOY METAL"
"POINT (290244.4412552661 7685681.008267246)"	"S0225326"	"Area 3B"	"Prospect"	"MANGANESE ORE"	"Mn"	"STEEL ALLOY METAL"
"POINT (291400.1056936157 7684759.302613825)"	"S0225327"	"Jose North 1"	"Prospect"	"MANGANESE ORE"	"Mn"	"STEEL ALLOY METAL"
"POINT (291524.741502209 7684735.058797184)"	"S0225328"	"Jose North 2"	"Prospect"	"MANGANESE ORE"	"Mn"	"STEEL ALLOY METAL"
"POINT (286408.0802445064 7684280.60180398)"	"S0225330"	"Finlays"	"Prospect"	"MANGANESE ORE"	"Mn"	"STEEL ALLOY METAL"
"POINT (291612.6439050765 7684228.415140195)"	"S0225331"	"Area 4"	"Prospect"	"MANGANESE ORE"	"Mn"	"STEEL ALLOY METAL"
"POINT (287417.9956052945 7689390.979109036)"	"S0225332"	"Nells"	"Prospect"	"MANGANESE ORE"	"Mn"	"STEEL ALLOY METAL"
"POINT (291522.9808759126 7683394.972195284)"	"S0225333"	"Area 4 South"	"Occurrence"	"MANGANESE ORE"	"Mn"	"STEEL ALLOY METAL"
"POINT (288070.0396589588 7687281.989106796)"	"S0225334"	"Big Mn"	"Occurrence"	"MANGANESE ORE"	"Mn"	"STEEL ALLOY METAL"
"POINT (284129.9912970986 7688899.98704594)"	"S0225335"	"Beebie"	"Prospect"	"MANGANESE ORE"	"Mn"	"STEEL ALLOY METAL"
"POINT (285757.4291101449 7684260.847104612)"	"S0225337"	"Area 5"	"Prospect"	"MANGANESE ORE"	"Mn"	"STEEL ALLOY METAL"
"POINT (290179.8296438436 7685498.691839332)"	"S0225339"	"Area 3C"	"Prospect"	"MANGANESE ORE"	"Mn"	"STEEL ALLOY METAL"
"POINT (367592.2537468449 7556661.770182259)"	"S0225352"	"Yeneena MN1"	"Prospect"	"MANGANESE ORE"	"Mn"	"STEEL ALLOY METAL"
"POINT (388927.0053508414 7565044.996775139)"	"S0225353"	"Yeneena MN2"	"Prospect"	"MANGANESE ORE"	"Mn"	"STEEL ALLOY METAL"
"POINT (380450.0408024179 7565122.9635777)"	"S0225354"	"Yeneena BM5"	"Prospect"	"COPPER - LEAD - ZINC"	"Zn, Pb, Ag, Mn"	"BASE METAL"
"POINT (314935.2566813757 7611243.145660473)"	"S0225358"	"Sardine South"	"Mine"	"MANGANESE ORE"	"Mn"	"STEEL ALLOY METAL"
"POINT (315113.4586804565 7611381.284167258)"	"S0225359"	"Sardine East"	"Mine"	"MANGANESE ORE"	"Mn"	"STEEL ALLOY METAL"
"POINT (318606.0264940392 7605586.128345329)"	"S0225401"	"Homestead"	"Mine"	"MANGANESE ORE"	"Mn"	"STEEL ALLOY METAL"
"POINT (317721.9670026961 7528524.571024123)"	"S0225464"	"Tally-Ho East"	"Occurrence"	"MANGANESE ORE"	"Mn"	"STEEL ALLOY METAL"
"POINT (318019.5971411846 7528955.312319065)"	"S0225465"	"Tally-Ho NE"	"Occurrence"	"MANGANESE ORE"	"Mn"	"STEEL ALLOY METAL"
"POINT (468853.9707079696 7469319.988508978)"	"S0225502"	"Beadell"	"Prospect"	"COPPER - LEAD - ZINC"	"Cu, Au, Zn, Pb"	"BASE METAL"
"POINT (318034.2955334281 7609170.084207423)"	"S0225678"	"Parrot"	"Mine"	"MANGANESE ORE"	"Mn"	"STEEL ALLOY METAL"
"POINT (418558.406715356 7598461.122978227)"	"S0225699"	"U/G Workshops"	"Infrastructure"	"GOLD"	"Au, Cu, Ag"	"PRECIOUS METAL"
"POINT (354986.4865421107 7602629.581234757)"	"S0225757"	"Camp"	"Infrastructure"	"COPPER - LEAD - ZINC"	"Cu"	"BASE METAL"
"POINT (354717.4437615296 7602627.147812936)"	"S0225758"	"Airstrip"	"Infrastructure"	"COPPER - LEAD - ZINC"	"Cu"	"BASE METAL"
"POINT (425631.2685642847 7547548.264232986)"	"S0225791"	"Maroochydore N"	"Prospect"	"COPPER - LEAD - ZINC"	"Cu, Pb, Zn"	"BASE METAL"
"POINT (352693.0012444672 7604457.647158416)"	"S0225865"	"Paste Plant 1"	"Infrastructure"	"COPPER - LEAD - ZINC"	"Cu"	"BASE METAL"
"POINT (311137.35635305 7537628.642841548)"	"S0225973"	"Contact North"	"Mine"	"MANGANESE ORE"	"Mn"	"STEEL ALLOY METAL"
"POINT (317411.7643693471 7543502.998141302)"	"S0226024"	"Omen"	"Occurrence"	"MANGANESE ORE"	"Mn"	"STEEL ALLOY METAL"
"POINT (324343.8802716857 7550302.800252242)"	"S0226025"	"Eastwood"	"Occurrence"	"MANGANESE ORE"	"Mn"	"STEEL ALLOY METAL"
"POINT (322333.0247945269 7554456.835693309)"	"S0226026"	"Black Stripe West"	"Occurrence"	"MANGANESE ORE"	"Mn"	"STEEL ALLOY METAL"
"POINT (323655.8958114934 7554827.214628467)"	"S0226027"	"Black Stripe East"	"Occurrence"	"MANGANESE ORE"	"Mn"	"STEEL ALLOY METAL"
"POINT (326037.2056885218 7548424.222639897)"	"S0226028"	"Eastwood South"	"Occurrence"	"MANGANESE ORE"	"Mn"	"STEEL ALLOY METAL"
"POINT (319210.9007788796 7541518.622000006)"	"S0226029"	"Omen Southeast"	"Occurrence"	"MANGANESE ORE"	"Mn"	"STEEL ALLOY METAL"
"POINT (405217.2466515374 7529755.549899045)"	"S0226042"	"Kintyre Openpit"	"Mine"	"URANIUM"	"U"	"ENERGY"
"POINT (403380.1434825472 7526790.488043891)"	"S0226043"	"Operations Village"	"Infrastructure"	"URANIUM"	"U"	"ENERGY"
"POINT (402985.363737963 7530280.677605668)"	"S0226044"	"Landfill"	"Infrastructure"	"URANIUM"	"U"	"ENERGY"
"POINT (403873.1899708378 7528315.200912597)"	"S0226045"	"TSF"	"Infrastructure"	"URANIUM"	"U"	"ENERGY"
"POINT (404592.4456902207 7528057.490587522)"	"S0226046"	"Plant"	"Infrastructure"	"URANIUM"	"U"	"ENERGY"
"POINT (404859.1284710212 7527911.558407654)"	"S0226047"	"Power Plant"	"Infrastructure"	"OTHER"	"Power"	"ENERGY"
"POINT (369067.4935872036 7547475.479757551)"	"S0226182"	"BM6"	"Prospect"	"COPPER - LEAD - ZINC"	"Cu"	"BASE METAL"
"POINT (367698.9124432277 7539643.162143912)"	"S0226183"	"BM7"	"Prospect"	"COPPER - LEAD - ZINC"	"Cu, Co"	"BASE METAL"
"POINT (424407.8846178477 7546541.364679953)"	"S0226238"	"Urangan W"	"Target"	"COPPER - LEAD - ZINC"	"Cu, Pb, Zn"	"BASE METAL"
"POINT (435775.8862546372 7547053.106018302)"	"S0226239"	"GLS"	"Target"	"COPPER - LEAD - ZINC"	"Cu, Pb, Zn"	"BASE METAL"
"POINT (432966.4479871433 7544328.278556315)"	"S0226240"	"Merwede"	"Target"	"COPPER - LEAD - ZINC"	"Cu, Pb, Zn"	"BASE METAL"
"POINT (419993.713267975 7599219.183119807)"	"S0229262"	"Village"	"Infrastructure"	"GOLD"	"Au, Cu, Ag"	"PRECIOUS METAL"
"POINT (420399.1070720388 7598487.977671145)"	"S0229263"	"Airstrip"	"Infrastructure"	"GOLD"	"Au, Cu, Ag"	"PRECIOUS METAL"
"POINT (410649.1829481 7602146.47872598)"	"S0229264"	"Access Road"	"Infrastructure"	"GOLD"	"Au, Cu, Ag"	"PRECIOUS METAL"
"POINT (414200.3406852788 7704357.94398627)"	"S0229477"	"Corker"	"Prospect"	"SILVER"	"Ag, Pb, Zn, Au, Bi, Te, Cu, W"	"PRECIOUS METAL"
"POINT (352886.8945569373 7604182.192281191)"	"S0229663"	"Paste Plant 2"	"Infrastructure"	"COPPER - LEAD - ZINC"	"Cu"	"BASE METAL"
"POINT (351509.5796271842 7604503.21507702)"	"S0229664"	"Paste Plant 3"	"Infrastructure"	"COPPER - LEAD - ZINC"	"Cu"	"BASE METAL"
"POINT (467992.6656132028 7471849.334793809)"	"S0229685"	"Kaos"	"Target"	"COPPER - LEAD - ZINC"	"Cu, Au, Zn, Pb"	"BASE METAL"
"POINT (329500.7450523491 7590633.084756441)"	"S0229686"	"Wounded Knee"	"Prospect"	"COPPER - LEAD - ZINC"	"Cu, Pb, Zn, Au, Ag, Mo"	"BASE METAL"
"POINT (380473.7994208757 7570646.614855189)"	"S0229703"	"T4 Prospect"	"Prospect"	"COPPER - LEAD - ZINC"	"Cu"	"BASE METAL"
"POINT (317174.55505074 7606434.408367227)"	"S0229721"	"Malta TSF"	"Infrastructure"	"MANGANESE ORE"	"Mn"	"STEEL ALLOY METAL"
"POINT (317131.8516653371 7606584.299493255)"	"S0229722"	"Malta North"	"Mine"	"MANGANESE ORE"	"Mn"	"STEEL ALLOY METAL"
"POINT (317117.625189612 7606578.933185218)"	"S0229723"	"Malta North TSF"	"Infrastructure"	"MANGANESE ORE"	"Mn"	"STEEL ALLOY METAL"
"POINT (316922.290707488 7606667.069242872)"	"S0229724"	"Dartmoor TSF"	"Infrastructure"	"MANGANESE ORE"	"Mn"	"STEEL ALLOY METAL"
"POINT (316778.737126848 7609090.398853496)"	"S0229725"	"Demon TSF"	"Infrastructure"	"MANGANESE ORE"	"Mn"	"STEEL ALLOY METAL"
"POINT (317920.2097925264 7607584.754065694)"	"S0229726"	"Tailing Delivery Pipeline"	"Infrastructure"	"MANGANESE ORE"	"Mn"	"STEEL ALLOY METAL"
"POINT (316814.753113078 7610311.759508222)"	"S0229728"	"Big Mack Dump"	"Infrastructure"	"MANGANESE ORE"	"Mn"	"STEEL ALLOY METAL"
"POINT (317963.1089017222 7608094.17012497)"	"S0229730"	"Magazine"	"Infrastructure"	"MANGANESE ORE"	"Mn"	"STEEL ALLOY METAL"
"POINT (428771.5021675917 7546057.731835928)"	"S0229743"	"Sulphide Prospect"	"Prospect"	"COPPER - LEAD - ZINC"	"Cu, Pb, Zn"	"BASE METAL"
"POINT (315773.9901987168 7611118.879273481)"	"S0229784"	"Eastern ROM pad"	"Infrastructure"	"MANGANESE ORE"	"Mn"	"STEEL ALLOY METAL"
"POINT (314447.0120213571 7611849.562599046)"	"S0229785"	"Sardine North Dump"	"Infrastructure"	"MANGANESE ORE"	"Mn"	"STEEL ALLOY METAL"
"POINT (314649.7245891463 7611054.604280292)"	"S0229786"	"Sardine South Dump"	"Infrastructure"	"MANGANESE ORE"	"Mn"	"STEEL ALLOY METAL"
"POINT (416753.9572390967 7599738.209298994)"	"S0229793"	"AMD Cells 4, 6-7"	"Infrastructure"	"GOLD"	"Au, Cu"	"PRECIOUS METAL"
"POINT (350910.236962304 7572400.350486305)"	"S0229815"	"Paterson"	"Prospect"	"COPPER - LEAD - ZINC"	"Cu, Au"	"BASE METAL"
"POINT (414601.4751679494 7701055.375492815)"	"S0229854"	"Beretta"	"Target"	"GOLD"	"Au, Cu, Ag, W, Bi"	"PRECIOUS METAL"
"POINT (416918.2140335321 7702884.368964612)"	"S0229855"	"Calibre"	"Deposit"	"GOLD"	"Au, Cu, Ag, W, Bi"	"PRECIOUS METAL"
"POINT (415716.2139842313 7597927.929394849)"	"S0229858"	"West Dome Main"	"Mine"	"GOLD"	"Au"	"PRECIOUS METAL"
"POINT (428599.5050567947 7547896.613574717)"	"S0229919"	"Kasi"	"Target"	"COPPER - LEAD - ZINC"	"Cu, Pb, Zn"	"BASE METAL"
"POINT (318173.5601639339 7604491.954914775)"	"S0229972"	"Borrow Pit"	"Mine"	"CONSTRUCTION MATERIALS"	"Gvl, Sd"	"CONSTRUCTION MATERIAL"
"POINT (413701.0101248345 7704324.842474671)"	"S0229983"	"Pellet"	"Prospect"	"COPPER - LEAD - ZINC"	"Cu, Au, Ag, W, Bi, Te, Pb, Zn"	"BASE METAL"
"POINT (313832.6376436029 7613303.296248104)"	"S0229984"	"Waste Dump"	"Infrastructure"	"MANGANESE ORE"	"Mn"	"STEEL ALLOY METAL"
"POINT (414081.7504474206 7600380.628808392)"	"S0230013"	"DL10"	"Mine"	"GOLD"	"Au"	"PRECIOUS METAL"
"POINT (353287.533713729 7603321.279723061)"	"S0230095"	"Gravel 2"	"Mine"	"CONSTRUCTION MATERIALS"	"Gvl"	"CONSTRUCTION MATERIAL"
"POINT (471320.4860597275 7468561.044235075)"	"S0230148"	"Ninety Nine Target"	"Target"	"COPPER - LEAD - ZINC"	"Cu, Au, Zn, Pb"	"BASE METAL"
"POINT (317015.4901054862 7608431.125280766)"	"S0230494"	"Demon Dump"	"Infrastructure"	"MANGANESE ORE"	"Mn"	"STEEL ALLOY METAL"
"POINT (317633.8272503146 7609347.708787967)"	"S0230495"	"Parrot Dump"	"Infrastructure"	"MANGANESE ORE"	"Mn"	"STEEL ALLOY METAL"
"POINT (318427.0932925313 7609047.398130798)"	"S0230496"	"Parrot ROM1"	"Infrastructure"	"MANGANESE ORE"	"Mn"	"STEEL ALLOY METAL"
"POINT (318590.8642475292 7608913.264700643)"	"S0230497"	"Parrot ROM2"	"Infrastructure"	"MANGANESE ORE"	"Mn"	"STEEL ALLOY METAL"
"POINT (313625.2524284973 7613143.878605167)"	"S0230498"	"Whodowe C"	"Mine"	"MANGANESE ORE"	"Mn"	"STEEL ALLOY METAL"
"POINT (313481.9550697191 7613094.495047784)"	"S0230499"	"Whodowe ROM"	"Infrastructure"	"MANGANESE ORE"	"Mn"	"STEEL ALLOY METAL"
"POINT (317622.6346316326 7606836.477820478)"	"S0230500"	"Tailings Plant Layout Area"	"Infrastructure"	"MANGANESE ORE"	"Mn"	"STEEL ALLOY METAL"
"POINT (318612.4040909953 7605030.319108671)"	"S0230502"	"Extension Cord-PaystarDump"	"Infrastructure"	"MANGANESE ORE"	"Mn"	"STEEL ALLOY METAL"
"POINT (318320.7104001784 7603920.13050591)"	"S0230503"	"Vespa Dump"	"Infrastructure"	"MANGANESE ORE"	"Mn"	"STEEL ALLOY METAL"
"POINT (318375.2675755692 7604230.912457738)"	"S0230504"	"ECPV ROM"	"Infrastructure"	"MANGANESE ORE"	"Mn"	"STEEL ALLOY METAL"
"POINT (318119.9151012588 7605060.850804735)"	"S0230505"	"Chutney ROM"	"Infrastructure"	"MANGANESE ORE"	"Mn"	"STEEL ALLOY METAL"
"POINT (318575.9759333837 7603828.671427086)"	"S0230507"	"Vespa"	"Mine"	"MANGANESE ORE"	"Mn"	"STEEL ALLOY METAL"
"POINT (318128.9981438648 7604404.856681431)"	"S0230508"	"Chutney Wastedump East"	"Infrastructure"	"MANGANESE ORE"	"Mn"	"STEEL ALLOY METAL"
"POINT (318519.6595395885 7605964.414863136)"	"S0230509"	"Homestead Dump"	"Infrastructure"	"MANGANESE ORE"	"Mn"	"STEEL ALLOY METAL"
"POINT (318414.4479862163 7605985.151845349)"	"S0230510"	"Homestead ROM"	"Infrastructure"	"MANGANESE ORE"	"Mn"	"STEEL ALLOY METAL"
"POINT (309842.2087446199 7544242.413649975)"	"S0230556"	"Area 1"	"Prospect"	"MANGANESE ORE"	"Mn"	"STEEL ALLOY METAL"
"POINT (306187.0383222138 7545859.959644105)"	"S0230557"	"Area 2"	"Prospect"	"MANGANESE ORE"	"Mn"	"STEEL ALLOY METAL"
"POINT (311754.1552952534 7550296.829535324)"	"S0230558"	"Area 3"	"Prospect"	"MANGANESE ORE"	"Mn"	"STEEL ALLOY METAL"
"POINT (317016.5472556141 7610242.187262208)"	"S0230566"	"Topvar"	"Mine"	"MANGANESE ORE"	"Mn"	"STEEL ALLOY METAL"
"POINT (428265.6794006443 7545486.327586365)"	"S0231048"	"Maroochydore - Broadhurst Env Grp"	"Deposit"	"COPPER - LEAD - ZINC"	"Cu, Co"	"BASE METAL"
"POINT (285425.0625078836 7690418.679686829)"	"S0231177"	"Cleanskin"	"Prospect"	"MANGANESE ORE"	"Mn"	"STEEL ALLOY METAL"
"POINT (285415.8169588983 7691050.018721906)"	"S0231178"	"Cleanskin North"	"Prospect"	"MANGANESE ORE"	"Mn"	"STEEL ALLOY METAL"
"POINT (291990.7359099658 7683969.244048981)"	"S0231184"	"Jose South"	"Prospect"	"MANGANESE ORE"	"Mn"	"STEEL ALLOY METAL"
"POINT (287717.3148327022 7683492.667663597)"	"S0231185"	"Vino North"	"Occurrence"	"MANGANESE ORE"	"Mn"	"STEEL ALLOY METAL"
"POINT (287504.8976732496 7682242.221783401)"	"S0231186"	"Vino South"	"Prospect"	"MANGANESE ORE"	"Mn"	"STEEL ALLOY METAL"
"POINT (287239.3488919482 7682116.682380807)"	"S0231187"	"Vino Southwest"	"Prospect"	"MANGANESE ORE"	"Mn"	"STEEL ALLOY METAL"
"POINT (283895.1633037422 7686457.912563467)"	"S0231191"	"Keeleys Line"	"Prospect"	"MANGANESE ORE"	"Mn"	"STEEL ALLOY METAL"
"POINT (288324.5034182849 7688626.07645032)"	"S0231192"	"Rusty 1"	"Occurrence"	"MANGANESE ORE"	"Mn"	"STEEL ALLOY METAL"
"POINT (288529.6384175228 7688255.143478367)"	"S0231193"	"Rusty 2"	"Occurrence"	"MANGANESE ORE"	"Mn"	"STEEL ALLOY METAL"
"POINT (289103.1679182071 7688278.894865733)"	"S0231194"	"Rusty 3"	"Occurrence"	"MANGANESE ORE"	"Mn"	"STEEL ALLOY METAL"
"POINT (286696.7872597523 7689820.219553501)"	"S0231195"	"Nells NW"	"Occurrence"	"MANGANESE ORE"	"Mn"	"STEEL ALLOY METAL"
"POINT (285608.2851206793 7692893.476925404)"	"S0231196"	"Rex"	"Occurrence"	"MANGANESE ORE"	"Mn"	"STEEL ALLOY METAL"
"POINT (431978.308124413 7573825.593698915)"	"S0231308"	"Genoa"	"Prospect"	"GOLD"	"Au, Cu, As"	"PRECIOUS METAL"
"POINT (428661.0380205658 7574273.362744581)"	"S0231309"	"Lakes"	"Prospect"	"GOLD"	"Au, As"	"PRECIOUS METAL"
"POINT (429269.0180725502 7574574.96056132)"	"S0231310"	"Halls Knob"	"Prospect"	"GOLD"	"Au, Cu, As"	"PRECIOUS METAL"
"POINT (408343.5346551051 7706972.707092704)"	"S0231362"	"ANK-H Target"	"Target"	"COPPER - LEAD - ZINC"	"Cu, Au, Pb, Ni"	"BASE METAL"
"POINT (418398.4119909467 7702679.000666339)"	"S0231363"	"AZY-13 Target"	"Target"	"COPPER - LEAD - ZINC"	"Pb, Zn, Cu, Ni, Ag"	"BASE METAL"
"POINT (414206.5875087142 7704010.769075029)"	"S0231364"	"Matilda"	"Target"	"COPPER - LEAD - ZINC"	"Cu, Ni"	"BASE METAL"
"POINT (413525.6999618946 7705215.59069472)"	"S0231365"	"Maury"	"Target"	"COPPER - LEAD - ZINC"	"Cu, Au, Pb, Ni"	"BASE METAL"
"POINT (359805.2799493994 7561134.894385444)"	"S0231646"	"Fishhook"	"Prospect"	"COPPER - LEAD - ZINC"	"Cu"	"BASE METAL"
"POINT (422512.2938976925 7697222.925950801)"	"S0231700"	"ANK-E Target"	"Target"	"COPPER - LEAD - ZINC"	"Cu, Au, Pb, Ni"	"BASE METAL"
"POINT (551773.603855679 7491559.023562518)"	"S0231716"	"Lake Winifred"	"Prospect"	"POTASH"	"K, Salt"	"INDUSTRIAL MINERAL"
"POINT (464669.00937193 7584273.04638587)"	"S0231717"	"Lake Dora"	"Prospect"	"POTASH"	"K, K2SO4, Salt"	"INDUSTRIAL MINERAL"
"POINT (386802.2486416516 7643302.224861193)"	"S0231718"	"Lake Waukarlycarly"	"Prospect"	"POTASH"	"K, K2SO4, Salt"	"INDUSTRIAL MINERAL"
"POINT (392000.8679768131 7513000.038239812)"	"S0231992"	"Three Sisters Graphite"	"Occurrence"	"GRAPHITE"	"Gr"	"INDUSTRIAL MINERAL"
"POINT (358581.5015071941 7552804.415670112)"	"S0231994"	"Orca"	"Target"	"COPPER - LEAD - ZINC"	"Cu"	"BASE METAL"
"POINT (359799.5053270342 7556803.436454795)"	"S0231995"	"Moby Dick"	"Target"	"COPPER - LEAD - ZINC"	"Cu"	"BASE METAL"
"POINT (432000.361293193 7483700.740084309)"	"S0231996"	"May Creek Graphite"	"Occurrence"	"GRAPHITE"	"Gr"	"INDUSTRIAL MINERAL"
"POINT (459620.4460558753 7476000.819516934)"	"S0231997"	"Mt Cotton Graphite"	"Occurrence"	"GRAPHITE"	"Gr"	"INDUSTRIAL MINERAL"
"POINT (517154.9516397864 7461448.728701035)"	"S0232184"	"Black Forest"	"Prospect"	"GRAPHITE"	"Gr"	"INDUSTRIAL MINERAL"
"POINT (407956.1838243183 7528238.002780039)"	"S0232222"	"Kintyre Rocks 5"	"Occurrence"	"GRAPHITE"	"Gr, U, Ag"	"INDUSTRIAL MINERAL"
"POINT (408026.482488701 7528660.977685211)"	"S0232223"	"Kintyre Rocks 7"	"Occurrence"	"GRAPHITE"	"Gr, U, Ag"	"INDUSTRIAL MINERAL"
"POINT (316890.045404461 7609673.682180176)"	"S0232325"	"Topvar West Wastedump"	"Infrastructure"	"MANGANESE ORE"	"Mn"	"STEEL ALLOY METAL"
"POINT (317801.1086018342 7609508.172866579)"	"S0232326"	"Topvar East Wastedump"	"Infrastructure"	"MANGANESE ORE"	"Mn"	"STEEL ALLOY METAL"
"POINT (317346.0043107414 7610128.66030361)"	"S0232327"	"Topvar ROM"	"Infrastructure"	"MANGANESE ORE"	"Mn"	"STEEL ALLOY METAL"
"POINT (316027.0602984413 7609490.213633249)"	"S0232328"	"Dewatering Pipeline"	"Infrastructure"	"MANGANESE ORE"	"Mn"	"STEEL ALLOY METAL"
"POINT (317607.9144003376 7607860.707664572)"	"S0232382"	"Tails Line Pump"	"Infrastructure"	"MANGANESE ORE"	"Mn"	"STEEL ALLOY METAL"
"POINT (316224.3233407608 7609309.090724562)"	"S0232383"	"Cracker-Eat Wastedump East"	"Infrastructure"	"MANGANESE ORE"	"Mn"	"STEEL ALLOY METAL"
"POINT (315357.3605717033 7608987.009426299)"	"S0232384"	"Cracker-Eat Wastedump West"	"Infrastructure"	"MANGANESE ORE"	"Mn"	"STEEL ALLOY METAL"
"POINT (315835.9928488055 7608595.39889386)"	"S0232385"	"Cracker-Eat ROM"	"Infrastructure"	"MANGANESE ORE"	"Mn"	"STEEL ALLOY METAL"
"POINT (317942.1567141556 7606752.729791004)"	"S0232804"	"Weighbridge"	"Infrastructure"	"MANGANESE ORE"	"Mn"	"STEEL ALLOY METAL"
"POINT (317669.2969525065 7605406.216205154)"	"S0232808"	"Water Treatment Plant Irrigation Area"	"Infrastructure"	"MANGANESE ORE"	"Mn"	"STEEL ALLOY METAL"
"POINT (318604.8341233464 7605590.876418085)"	"S0232813"	"Homestead TSF"	"Infrastructure"	"MANGANESE ORE"	"Mn"	"STEEL ALLOY METAL"
"POINT (318166.27219251 7607616.549526623)"	"S0232868"	"ROM"	"Infrastructure"	"MANGANESE ORE"	"Mn"	"STEEL ALLOY METAL"
"POINT (318753.8307911085 7606791.686380683)"	"S0232869"	"ROM"	"Infrastructure"	"MANGANESE ORE"	"Mn"	"STEEL ALLOY METAL"
"POINT (318480.745559119 7607100.43061282)"	"S0232870"	"ROM"	"Infrastructure"	"MANGANESE ORE"	"Mn"	"STEEL ALLOY METAL"
"POINT (316929.7528662956 7612650.097507223)"	"S0232871"	"Waste Dump"	"Infrastructure"	"MANGANESE ORE"	"Mn"	"STEEL ALLOY METAL"
"POINT (316926.4235934341 7611639.174361935)"	"S0232872"	"ROM"	"Infrastructure"	"MANGANESE ORE"	"Mn"	"STEEL ALLOY METAL"
"POINT (304595.5103768976 7556315.539219907)"	"S0232984"	"Western Front 1"	"Prospect"	"MANGANESE ORE"	"Mn"	"STEEL ALLOY METAL"
"POINT (306586.1417233864 7559072.282528848)"	"S0232985"	"Western Front 2"	"Prospect"	"MANGANESE ORE"	"Mn"	"STEEL ALLOY METAL"
"POINT (318378.8834437748 7609291.352612361)"	"S0233148"	"Chris D ROM"	"Infrastructure"	"MANGANESE ORE"	"Mn"	"STEEL ALLOY METAL"
"POINT (318010.9505817998 7610017.039349459)"	"S0233149"	"Chris D Wastedump"	"Infrastructure"	"MANGANESE ORE"	"Mn"	"STEEL ALLOY METAL"
"POINT (314487.3970430917 7609538.987674175)"	"S0233312"	"Hunter SW"	"Mine"	"MANGANESE ORE"	"Mn"	"STEEL ALLOY METAL"
"POINT (314703.3554273617 7609624.636529814)"	"S0233313"	"Hunter SE"	"Mine"	"MANGANESE ORE"	"Mn"	"STEEL ALLOY METAL"
"POINT (313782.625025721 7610218.40871448)"	"S0233314"	"Hunter Wastedump"	"Infrastructure"	"MANGANESE ORE"	"Mn"	"STEEL ALLOY METAL"
"POINT (314735.096615478 7610412.105862623)"	"S0233315"	"Ghost"	"Mine"	"MANGANESE ORE"	"Mn"	"STEEL ALLOY METAL"
"POINT (481052.6582604445 7425275.935586149)"	"S0233363"	"Lake Disappointment Env Grp"	"Mine"	"POTASH"	"K, Salt"	"INDUSTRIAL MINERAL"
"POINT (471414.403650647 7469445.489411527)"	"S0233433"	"South Rudall Dome 5"	"Occurrence"	"MANGANESE ORE"	"Mn"	"STEEL ALLOY METAL"
"POINT (316776.3320974199 7595449.621607491)"	"S0233460"	"Canyon"	"Deposit"	"MANGANESE ORE"	"Mn"	"STEEL ALLOY METAL"
"POINT (285598.7926900174 7561191.378333581)"	"S0233461"	"Firefly"	"Prospect"	"MANGANESE ORE"	"Mn"	"STEEL ALLOY METAL"
"POINT (286520.7583344028 7561346.33742494)"	"S0233462"	"Firefly East"	"Prospect"	"MANGANESE ORE"	"Mn"	"STEEL ALLOY METAL"
"POINT (316105.1051530073 7552327.883774829)"	"S0233463"	"Pelham Mn"	"Occurrence"	"MANGANESE ORE"	"Mn"	"STEEL ALLOY METAL"
"POINT (314528.0957322875 7550695.575807165)"	"S0233464"	"Enacheddong Ck South 1"	"Prospect"	"MANGANESE ORE"	"Mn"	"STEEL ALLOY METAL"
"POINT (284655.4118510609 7575572.02355506)"	"S0233472"	"Crossroads"	"Occurrence"	"MANGANESE ORE"	"Mn"	"STEEL ALLOY METAL"
"POINT (305209.6653335334 7578640.835407786)"	"S0233475"	"View - Tarra Tarra"	"Prospect"	"MANGANESE ORE"	"Mn"	"STEEL ALLOY METAL"
"POINT (305031.6305005774 7578148.382488761)"	"S0233476"	"Bungarra - Tarra Tarra"	"Occurrence"	"MANGANESE ORE"	"Mn"	"STEEL ALLOY METAL"
"POINT (308829.9807617922 7580970.012654128)"	"S0233477"	"TTX North - Tarra Tarra"	"Occurrence"	"MANGANESE ORE"	"Mn"	"STEEL ALLOY METAL"
"POINT (307593.2576171682 7576447.727318265)"	"S0233478"	"TTX East - Tarra Tarra"	"Prospect"	"MANGANESE ORE"	"Mn"	"STEEL ALLOY METAL"
"POINT (296610.5833797455 7619108.887798275)"	"S0233479"	"West Carawine"	"Prospect"	"MANGANESE ORE"	"Mn"	"STEEL ALLOY METAL"
"POINT (351957.3540777158 7571324.78937971)"	"S0233742"	"Aria"	"Target"	"COPPER - LEAD - ZINC"	"Cu"	"BASE METAL"
"POINT (350832.8913760234 7566893.025217188)"	"S0233743"	"Lookout Rocks"	"Prospect"	"COPPER - LEAD - ZINC"	"Cu"	"BASE METAL"
"POINT (317563.8837440864 7604451.157486882)"	"S0233787"	"Chutney Wastedump"	"Infrastructure"	"MANGANESE ORE"	"Mn"	"STEEL ALLOY METAL"
"POINT (351413.4430037891 7604971.541654476)"	"S0233818"	"Portal 2"	"Mine"	"COPPER - LEAD - ZINC"	"Cu"	"BASE METAL"
"POINT (392820.924607614 7718415.31557741)"	"S0234070"	"Obelisk"	"Prospect"	"COPPER - LEAD - ZINC"	"Cu, Au, Ni, W, Bi, Ag, Mo"	"BASE METAL"
"POINT (417487.1614723109 7700454.743308032)"	"S0234089"	"Blue Steel"	"Target"	"GOLD"	"Au, Cu, Ag, W, Bi"	"PRECIOUS METAL"
"POINT (411847.1585285615 7709844.102828883)"	"S0234090"	"Meekus"	"Target"	"GOLD"	"Au, Cu, Ag, W, Bi"	"PRECIOUS METAL"
"POINT (416097.9926538279 7695502.506522646)"	"S0234705"	"Rufus"	"Target"	"GOLD"	"Au, Cu, Ag, W, Bi"	"PRECIOUS METAL"
"POINT (420569.4754733712 7693650.365667395)"	"S0234706"	"Le Tigre"	"Target"	"GOLD"	"Au, Cu, Ag, W, Bi"	"PRECIOUS METAL"
"POINT (402630.6876575346 7711165.795132379)"	"S0234707"	"Babushka"	"Target"	"GOLD"	"Au, Cu, Ag, W, Bi"	"PRECIOUS METAL"
"POINT (392602.8922027032 7706985.427025823)"	"S0234708"	"Ballstein"	"Target"	"GOLD"	"Au, Cu, Ag, W, Bi"	"PRECIOUS METAL"
"POINT (392735.2135997043 7704260.148861836)"	"S0234709"	"Hansel"	"Target"	"GOLD"	"Au, Cu, Ag, W, Bi"	"PRECIOUS METAL"
"POINT (387258.332857496 7703360.633423673)"	"S0234710"	"Katinka"	"Target"	"GOLD"	"Au, Cu, Ag, W, Bi"	"PRECIOUS METAL"
"POINT (396201.2630659499 7698889.116155796)"	"S0234711"	"Rimfire"	"Prospect"	"GOLD"	"Au, Cu, Ag, W, Bi"	"PRECIOUS METAL"
"POINT (417443.5853805049 7597396.746959111)"	"S0234875"	"Paste Fill and Cemented Hydraulic Fill Plant"	"Infrastructure"	"GOLD"	"Au"	"PRECIOUS METAL"
"POINT (416925.5030259853 7596521.471535252)"	"S0234876"	"Paste Pipeline Infrastructure Corridor"	"Infrastructure"	"GOLD"	"Au"	"PRECIOUS METAL"
"POINT (289747.3615591475 7480573.535329985)"	"S0235025"	"Nicholas Downs East Scree 2"	"Deposit"	"MANGANESE ORE"	"Mn"	"STEEL ALLOY METAL"
"POINT (558093.7347495906 7493398.923109658)"	"S0235663"	"Lake George West"	"Prospect"	"POTASH"	"K, Salt"	"INDUSTRIAL MINERAL"
"POINT (520893.9218507773 7437363.039053123)"	"S0235664"	"Lake Disappointment East/Reward"	"Prospect"	"POTASH"	"K, Salt"	"INDUSTRIAL MINERAL"
"POINT (314249.7188753316 7609711.541332318)"	"S0235759"	"Hunter ROM"	"Infrastructure"	"MANGANESE ORE"	"Mn"	"STEEL ALLOY METAL"
"POINT (424278.6629236912 7611959.218898101)"	"S0235912"	"Chicken Ranch"	"Prospect"	"GOLD"	"Au"	"PRECIOUS METAL"
"POINT (422868.1733994043 7611854.679521178)"	"S0235913"	"Turkey Farm"	"Prospect"	"GOLD"	"Au"	"PRECIOUS METAL"
"POINT (317305.8359876669 7599077.490050284)"	"S0236184"	"Kia Dump"	"Infrastructure"	"MANGANESE ORE"	"Mn"	"STEEL ALLOY METAL"
"POINT (402986.6245643084 7606586.058347513)"	"S0236228"	"Paterson"	"Prospect"	"GOLD"	"Au"	"PRECIOUS METAL"
"POINT (317350.3571645457 7609580.579044441)"	"S0236419"	"Haul Roads North"	"Infrastructure"	"MANGANESE ORE"	"Mn"	"STEEL ALLOY METAL"
"POINT (317979.2875505041 7603703.655226331)"	"S0236420"	"Haul Roads South"	"Infrastructure"	"MANGANESE ORE"	"Mn"	"STEEL ALLOY METAL"
"POINT (410873.2307904271 7592607.04465623)"	"S0236467"	"Fallows Field - Pit 15"	"Mine"	"GOLD"	"Au"	"PRECIOUS METAL"
"POINT (419880.5007504873 7596211.547011791)"	"S0236471"	"Southern WRD"	"Infrastructure"	"GOLD"	"Au, Cu, Ag"	"PRECIOUS METAL"
"POINT (415518.8205750718 7596740.807145391)"	"S0236472"	"West Dome WRD"	"Infrastructure"	"GOLD"	"Au"	"PRECIOUS METAL"
"POINT (411100.7501487682 7592154.018591376)"	"S0236473"	"WRD"	"Infrastructure"	"GOLD"	"Au"	"PRECIOUS METAL"
"POINT (408629.0043221381 7608877.060322346)"	"S0236474"	"WRD"	"Infrastructure"	"GOLD"	"Au"	"PRECIOUS METAL"
"POINT (415534.8817225483 7599774.668299311)"	"S0236477"	"DL237"	"Mine"	"GOLD"	"Au"	"PRECIOUS METAL"
"POINT (417210.8292079209 7598304.888615)"	"S0236478"	"Main Dome In-Pit WRD"	"Infrastructure"	"GOLD"	"Au, Cu, Ag"	"PRECIOUS METAL"
"POINT (415331.8089399943 7598152.380316125)"	"S0236479"	"West Dome Main In-Pit WRD"	"Infrastructure"	"GOLD"	"Au"	"PRECIOUS METAL"
